window_size,history_window,total_return,annual_return,sharpe,max_drawdown,calmar,information_ratio,win_rate,excess_return,benchmark_return,data_points,cv_sharpe
20,20,0.11391223140649953,0.04264354877273768,0.2383245490258877,-0.20729191573239159,0.2057173750460649,-0.6939473297779303,0.45314900153609833,-0.15603010881403434,0.26994234022053387,651,-0.12021294303939166
20,30,0.1980429183521366,0.07244839538606107,0.4003801213377092,-0.21664853006134932,0.3344052016671682,-0.30107077240630314,0.4731182795698925,-0.07189942186839726,0.26994234022053387,651,-0.06938590547435225
20,40,0.25304040337757483,0.09124424015715138,0.5051122799150244,-0.21296611722003966,0.42844486882801414,-0.05490936607375323,0.48847926267281105,-0.016901936842959042,0.26994234022053387,651,-0.012380969599547556
20,50,0.3195609735070355,0.11331447712583342,0.6302774162074568,-0.21301334937401883,0.5319595107951218,0.22922451545347097,0.49923195084485406,0.04961863328650162,0.26994234022053387,651,0.08809531182344613
20,60,0.348151074836784,0.12259054213745935,0.6866271781557766,-0.2133539064834471,0.5745877549562021,0.3493339811588181,0.500768049155146,0.07820873461625011,0.26994234022053387,651,0.1764294963787603
20,70,0.3221016242871113,0.11414374885663081,0.6461579513580883,-0.21533979318070495,0.5300634275284444,0.2394794950824904,0.47619047619047616,0.05215928406657744,0.26994234022053387,651,0.15827902740440705
20,80,0.29868872974638605,0.10646440468633434,0.6087281344986235,-0.21797207776304017,0.4884313889142854,0.1345255412318107,0.47465437788018433,0.02874638952585218,0.26994234022053387,651,-0.15855155700655596
20,90,0.2903312256902386,0.10370263708059646,0.5965688117081083,-0.21938684695973776,0.4726930466329558,0.09507719623838874,0.45161290322580644,0.020388885469704743,0.26994234022053387,651,-0.20026632594513533
20,100,0.2822397325315922,0.10101830830811642,0.5831421445715584,-0.2194462366558011,0.46033283526553465,0.05702856951818534,0.45468509984639016,0.012297392311058308,0.26994234022053387,651,-0.2332104769169147
30,20,0.1555813283127443,0.057571837146980887,0.32766727700170223,-0.21580796443490646,0.2667734589765157,-0.4862325925106829,0.5069124423963134,-0.11436101190778958,0.26994234022053387,651,-0.2705108735253886
30,30,0.26496314199033266,0.09525189869855422,0.5420947979706917,-0.2267715700709506,0.42003456901035924,-0.013296391245765697,0.5161290322580645,-0.0049791982302012094,0.26994234022053387,651,-0.09004350440275768
30,40,0.30688209701427893,0.1091613784343084,0.617181167754872,-0.23410867883499686,0.4662850560582886,0.1570122981269844,0.5038402457757296,0.03693975679374506,0.26994234022053387,651,-0.01440525324620509
30,50,0.323950016807538,0.11474645299578956,0.6448678302869607,-0.23119278523531672,0.49632367584047354,0.2295980510954321,0.4930875576036866,0.054007676587004116,0.26994234022053387,651,0.015877135176271706
30,60,0.35016892190579285,0.12324065914655868,0.6913796568603571,-0.22135942609628934,0.5567445729324855,0.33597532015717013,0.47465437788018433,0.08022658168525898,0.26994234022053387,651,0.06578635255649279
30,70,0.3413298972517007,0.1203884452190207,0.6775924240999889,-0.2208871966255337,0.5450222876571392,0.30589927414899065,0.46697388632872505,0.07138755703116684,0.26994234022053387,651,-0.05396514779005862
30,80,0.3669123580704581,0.12861229066113422,0.7288051182636455,-0.22435728803358845,0.5732476613011998,0.41199825404274426,0.46697388632872505,0.0969700178499242,0.26994234022053387,651,-0.3383493786769507
30,90,0.36504821235623885,0.12801623733832712,0.7316439296236458,-0.2279702032756482,0.561548112423874,0.4062202267512088,0.46697388632872505,0.09510587213570498,0.26994234022053387,651,-0.36551140230785206
30,100,0.3652247259245418,0.12807269823855427,0.7363406171950354,-0.22615394649090892,0.5663075981019974,0.4079488796044071,0.4577572964669739,0.09528238570400793,0.26994234022053387,651,-0.3551881665052285
40,20,0.6582459150066007,0.21625711711362916,1.2393440077132394,-0.14465771051820375,1.494957415950637,1.433614384812121,0.522273425499232,0.3883035747860668,0.26994234022053387,651,0.5342493572996179
40,30,0.5835178249319526,0.19473999537652853,1.118607042085903,-0.17178736463871636,1.13361070405896,1.1804500676004541,0.4838709677419355,0.3135754847114187,0.26994234022053387,651,0.40874200838503527
40,40,0.5257583951351883,0.1776785066738078,1.014064431264104,-0.17689008040482113,1.0044571536582623,0.9866326732410143,0.4807987711213518,0.2558160549146544,0.26994234022053387,651,0.20972943107399097
40,50,0.5348214500605064,0.18038150877714876,1.0268979562019314,-0.1810139734473346,0.996505989796584,1.0143881211264565,0.4823348694316436,0.26487910983997254,0.26994234022053387,651,0.21281426241677703
40,60,0.4773513351649816,0.16307207345810837,0.9283050196304784,-0.184059028589321,0.8859770406697112,0.8179701533963145,0.4715821812596006,0.20740899494444776,0.26994234022053387,651,0.06144036276650919
40,70,0.45714362887637927,0.15688778822497684,0.894337679570106,-0.1823147067761145,0.8605328171228538,0.7450988119175718,0.4685099846390169,0.1872012886558454,0.26994234022053387,651,-0.002426121364652409
40,80,0.4309103439755999,0.14878053179164263,0.8530641040666651,-0.17945529740268062,0.8290673719026153,0.6449986258309949,0.4485407066052227,0.16096800375506604,0.26994234022053387,651,-0.12933824814192116
40,90,0.4002145538722104,0.13917764322821569,0.8031725782032461,-0.18697453620426452,0.7443668322630198,0.5300972321963572,0.42857142857142855,0.13027221365167652,0.26994234022053387,651,-0.18286266094353312
40,100,0.4105617821418275,0.1424289633167526,0.8268163403426534,-0.18464203208258412,0.7713788767936054,0.5717981836358953,0.4270353302611367,0.1406194419212936,0.26994234022053387,651,-0.1571655370441609
50,20,0.4194700279928856,0.14521643430002484,0.8185715292777266,-0.210769795542312,0.688981236264817,0.6152175973418785,0.45622119815668205,0.1495276877723517,0.26994234022053387,651,0.031076822895962766
50,30,0.3750371615514596,0.1312043637791458,0.7359190798673478,-0.22068143059058642,0.5945419305467496,0.43863857605410533,0.44393241167434716,0.10509482133092574,0.26994234022053387,651,-0.056911118107942055
50,40,0.363980896727788,0.12767474271161317,0.7195652143124279,-0.22258657562849704,0.5735958799451847,0.3875510512656175,0.42857142857142855,0.09403855650725412,0.26994234022053387,651,-0.09125581486827268
50,50,0.328644579908119,0.1162748914766012,0.656710363940347,-0.22670629921239216,0.5128877842413538,0.24394727842432773,0.4270353302611367,0.058702239687585145,0.26994234022053387,651,-0.18585744225108744
50,60,0.301809807585498,0.10749298207560676,0.606814738208269,-0.2280268261889964,0.4714049827914235,0.1377299995231557,0.423963133640553,0.03186746736496415,0.26994234022053387,651,-0.24034210994843277
50,70,0.29527427034150233,0.1053374040767765,0.5965941956045219,-0.22677195969425679,0.46450806448379545,0.11137766686741009,0.41321044546851,0.02533193012096846,0.26994234022053387,651,-0.20764506358573137
50,80,0.27040400786870267,0.09707307592824765,0.5526908524167468,-0.225254120884409,0.43094916775378994,0.008634060945102053,0.4039938556067588,0.00046166764816879535,0.26994234022053387,651,-0.40716222941694163
50,90,0.25517055835181846,0.09196197088237201,0.5262389122587982,-0.22386015900186895,0.4108009718763947,-0.05773813982216915,0.4009216589861751,-0.014771781868715417,0.26994234022053387,651,-0.38619245090850135
50,100,0.21515002414331286,0.0783505427017328,0.4510219866475187,-0.2199056194104122,0.35629168054821897,-0.23684981831764138,0.3870967741935484,-0.054792316077221015,0.26994234022053387,651,-0.44939135720766266
60,20,0.15725252405706058,0.05816362202985781,0.3237519256876092,-0.2393301592896897,0.24302671340077733,-0.4970467983750958,0.4162826420890937,-0.11268981616347329,0.26994234022053387,651,-0.2261551274727705
60,30,0.1519304034533535,0.05627718587351649,0.31088287698192496,-0.2536821070753419,0.22184136879942637,-0.5010459878459016,0.391705069124424,-0.11801193676718036,0.26994234022053387,651,-0.34916876121740603
60,40,0.1619055642291758,0.059808549469630545,0.3294521478463642,-0.25440847428770996,0.23508866847726617,-0.44152001199470453,0.3870967741935484,-0.10803677599135808,0.26994234022053387,651,-0.36745462911403093
60,50,0.16830027081864474,0.062062611306976434,0.34157580947535665,-0.24171346812562677,0.25676108074673093,-0.40913337349457396,0.3932411674347158,-0.10164206940188913,0.26994234022053387,651,-0.3598651362896904
60,60,0.17468902232124295,0.06430703540818627,0.356179815982111,-0.22949034182747263,0.28021673982485645,-0.3877146677141795,0.38402457757296465,-0.09525331789929092,0.26994234022053387,651,-0.32228693140432974
60,70,0.13957355900027713,0.051876580922247006,0.2895918090612285,-0.23461575969044812,0.2211129422451967,-0.5667909778997753,0.3778801843317972,-0.13036878122025675,0.26994234022053387,651,-0.44422090433130357
60,80,0.11685278804382437,0.043708140303286847,0.24434476980124867,-0.23364666211419594,0.18706939747302823,-0.6969669348650115,0.3579109062980031,-0.1530895521767095,0.26994234022053387,651,-0.6486962250203763
60,90,0.06894726810040375,0.026145354173608082,0.14445804848484942,-0.25384959011109387,0.10299545554580536,-1.0103618111258565,0.3456221198156682,-0.20099507212013012,0.26994234022053387,651,-0.7178032567690256
60,100,0.0844993407914636,0.03189889034003435,0.17506860477111943,-0.23626946937487536,0.13501063181981499,-0.9710107760470448,0.3348694316436252,-0.18544299942907028,0.26994234022053387,651,-0.6491467171872674
70,20,0.3876099061649001,0.13519703563217877,0.7785985123255343,-0.1643716086171244,0.8225084415100979,0.4880106447275551,0.41935483870967744,0.11766756594436623,0.26994234022053387,651,0.0475826905085867
70,30,0.3692576116326465,0.12936146909213786,0.7463604743347451,-0.18096598099061156,0.7148386032778673,0.40090752062480867,0.4009216589861751,0.0993152714121126,0.26994234022053387,651,-0.05738739404265763
70,40,0.3136699239723413,0.11138785824926378,0.6417791117306395,-0.18663184354774398,0.5968320096498894,0.18131559541338577,0.3870967741935484,0.04372758375180741,0.26994234022053387,651,-0.15765953527929077
70,50,0.2471248604365337,0.08924713695028341,0.5149718269888877,-0.1945375475810529,0.45876561136918376,-0.09563154060714545,0.37019969278033793,-0.022817479784000172,0.26994234022053387,651,-0.23891254754292757
70,60,0.15198198868664003,0.056295495970725806,0.3214259219737588,-0.21420850360827126,0.26280700823005076,-0.5538313798792075,0.35176651305683565,-0.11796035153389384,0.26994234022053387,651,-0.3923271216268612
70,70,0.14155440282845833,0.052583974354953655,0.2979615576660723,-0.19683359768725006,0.2671493839100813,-0.6362217195261207,0.3533026113671275,-0.12838793739207555,0.26994234022053387,651,-0.29899396016379937
70,80,0.15594303832119127,0.05769996624987983,0.32555274599426526,-0.19358407848303882,0.29806152810720593,-0.5776918743789088,0.34101382488479265,-0.1139993018993426,0.26994234022053387,651,-0.42288983031510047
70,90,0.1541253067477213,0.05705581957082706,0.3206375958816409,-0.19255415814689736,0.2963105036002382,-0.6086648590657372,0.3302611367127496,-0.11581703347281258,0.26994234022053387,651,-0.41214282844830985
70,100,0.1746680364796398,0.06429967516196067,0.35964755846884117,-0.1920160042348238,0.33486622856356346,-0.5075460117457455,0.3241167434715822,-0.09527430374089407,0.26994234022053387,651,-0.3544459070753833
80,20,0.22738726509442464,0.08254135288814335,0.47585207363586846,-0.24669176388316716,0.3345930629740635,-0.18526136397543755,0.3655913978494624,-0.04255507512610923,0.26994234022053387,651,-0.5064407685030439
80,30,0.21930515967753528,0.07977641394587986,0.4527163488498918,-0.2698043565439777,0.2956824528994454,-0.22144415625193925,0.38095238095238093,-0.050637180542998594,0.26994234022053387,651,-0.6145561100797378
80,40,0.24596615576344782,0.08885527553778982,0.5024204686659652,-0.24855236770311173,0.3574911651774115,-0.09932974650700167,0.3533026113671275,-0.023976184457086047,0.26994234022053387,651,-0.5601540892992682
80,50,0.2653498053002963,0.09538148168440919,0.5362070527541283,-0.22525320754916567,0.4234411697049438,-0.00865047598172291,0.35023041474654376,-0.00459253492023759,0.26994234022053387,651,-0.47432478989518806
80,60,0.2721552559721403,0.09765823988044264,0.5446150223141575,-0.20582173852910324,0.47447971520575677,0.02907726516323944,0.3533026113671275,0.0022129157516064257,0.26994234022053387,651,-0.3969675239486955
80,70,0.27839578879559124,0.09973945324205657,0.5530786830813256,-0.20385461663657267,0.4892675716040799,0.06524162464189293,0.34101382488479265,0.008453448575057365,0.26994234022053387,651,-0.31795852064522173
80,80,0.28841871833463273,0.1030691016382208,0.5672275761619164,-0.20648145439052823,0.49916880885235,0.12352945788465816,0.33640552995391704,0.018476378114098857,0.26994234022053387,651,-0.2549772410645118
80,90,0.31656513992983104,0.1123353748672753,0.6148723135966286,-0.20069141964954296,0.5597417919681905,0.2748895820795685,0.3225806451612903,0.04662279970929717,0.26994234022053387,651,-0.17585574867673018
80,100,0.35836783152965057,0.1258761047015855,0.6835730879699174,-0.18956418501196692,0.6640289392937759,0.4874753551353801,0.3210445468509985,0.0884254913091167,0.26994234022053387,651,-0.09012820357159657
90,20,0.16366769023759087,0.06043043632281986,0.34468905218665963,-0.19972835665622046,0.30256312791295265,-0.5212590815841932,0.34101382488479265,-0.106274649982943,0.26994234022053387,651,-0.605353633364319
90,30,0.16909153290798917,0.06234099605529053,0.3506941875530799,-0.21169440265404738,0.2944858025234076,-0.4835862412498851,0.3456221198156682,-0.1008508073125447,0.26994234022053387,651,-0.6114517190494277
90,40,0.24178037802354702,0.08743782693391333,0.48201162670186304,-0.2031272665414453,0.4304583447740772,-0.11622509919187102,0.3456221198156682,-0.028161962196986856,0.26994234022053387,651,-0.463405123604818
90,50,0.29788488898895094,0.10619924692247573,0.5770433834231937,-0.1972003254030269,0.5385348462556119,0.1713098993596507,0.3425499231950845,0.027942548768417064,0.26994234022053387,651,-0.33267319760043335
90,60,0.31707450285089633,0.11250194180202233,0.607050072506947,-0.19459787764491077,0.5781252250207393,0.2742094413072677,0.33640552995391704,0.04713216263036246,0.26994234022053387,651,-0.24569827264810176
90,70,0.3205464570138328,0.1136362563049973,0.6095292359315219,-0.18680160920588051,0.6083258960566814,0.2944745069235426,0.3271889400921659,0.0506041167932989,0.26994234022053387,651,-0.16925425745076297
90,80,0.3217361105735481,0.11402450488963689,0.6077166113231385,-0.1889863996160931,0.603347675394982,0.3032449883388412,0.31643625192012287,0.051793770353014246,0.26994234022053387,651,-0.14110867985135747
90,90,0.3404625364725735,0.12010794162387439,0.6388575201237232,-0.18223068477858861,0.6590983388434625,0.3942529983518498,0.3102918586789555,0.07052019625203965,0.26994234022053387,651,-0.08767158924146812
90,100,0.3507510598292991,0.1234281036800764,0.6541145426051534,-0.18688193292122923,0.6604603331671519,0.4449431440449352,0.3010752688172043,0.08080871960876523,0.26994234022053387,651,-0.07990055638197868
100,20,0.43038375772161985,0.14861686419717657,0.8421045775893017,-0.16531016052255365,0.8990183285007483,0.7303792402457304,0.35944700460829493,0.16044141750108598,0.26994234022053387,651,-0.06582810624339584
100,30,0.3553065746029509,0.12489324225243958,0.7070013391697024,-0.18255205807323804,0.6841513789032917,0.4157346225085644,0.3548387096774194,0.08536423438241703,0.26994234022053387,651,-0.20462975785879303
100,40,0.32221780916647225,0.11418164838951639,0.6442771820981997,-0.18247160487074232,0.6257502282089282,0.26377376196294905,0.3333333333333333,0.052275468945938375,0.26994234022053387,651,-0.2632538191121316
100,50,0.32777728833708064,0.11599277145255038,0.6533567830371553,-0.18402682780800805,0.6303035966775649,0.28948428564546586,0.3210445468509985,0.05783494811654677,0.26994234022053387,651,-0.2564390732696477
100,60,0.33175827538153513,0.11728681200292823,0.6585975711958063,-0.17923817614973692,0.6543628959097751,0.32177837148971683,0.3225806451612903,0.061815935161001256,0.26994234022053387,651,-0.2140315119901452
100,70,0.32764777473038253,0.11595063246681359,0.6455617789164536,-0.18480035636421666,0.6274372774384184,0.31941631634313017,0.3118279569892473,0.05770543450984866,0.26994234022053387,651,-0.18540611774493926
100,80,0.3564840571183472,0.1252714515425608,0.6904860488765747,-0.17945075363292118,0.6980826160184992,0.47857208802968243,0.2980030721966206,0.08654171689781331,0.26994234022053387,651,-0.12440266331989645
100,90,0.36932824325562597,0.1293840197738625,0.7087467511516438,-0.18777630542363133,0.6890327269032515,0.5497633616495422,0.29493087557603687,0.0993859030350921,0.26994234022053387,651,-0.11264643997210529
100,100,0.41121831379595286,0.14263476569065503,0.7728377814037057,-0.17347090286198397,0.822240291238568,0.7519742260042125,0.2980030721966206,0.141275973575419,0.26994234022053387,651,-0.032807074706315664
