TradingDay,Position_500,Position_HL,Position_Change,Transaction_Cost,Strategy_Return_Gross,Strategy_Return,Benchmark_Return
2023-06-19,0.5,0.5,,,-0.0076264997,,-0.0076264997
2023-06-20,0.5,0.5,0.0,0.0,-0.00454850905,-0.00454850905,-0.00454850905
2023-06-21,0.5,0.5,0.0,0.0,-0.0159087436,-0.0159087436,-0.0159087436
2023-06-26,0.5,0.5,0.0,0.0,-0.0152531189,-0.0152531189,-0.0152531189
2023-06-27,0.5,0.5,0.0,0.0,0.0138776304,0.0138776304,0.0138776304
2023-06-28,0.5,0.5,0.0,0.0,0.0018743655,0.0018743655,0.0018743655
2023-06-29,0.5,0.5,0.0,0.0,-0.0018356058,-0.0018356058,-0.0018356058
2023-06-30,0.5,0.5,0.0,0.0,0.00539727345,0.00539727345,0.00539727345
2023-07-03,0.5,0.5,0.0,0.0,0.0088976951,0.0088976951,0.0088976951
2023-07-04,0.5,0.5,0.0,0.0,-0.0013857359999999998,-0.0013857359999999998,-0.0013857359999999998
2023-07-05,0.5,0.5,0.0,0.0,-0.004216195000000001,-0.004216195000000001,-0.004216195000000001
2023-07-06,0.5,0.5,0.0,0.0,-0.0058973121000000005,-0.0058973121000000005,-0.0058973121000000005
2023-07-07,0.5,0.5,0.0,0.0,-0.00041423690000000015,-0.00041423690000000015,-0.00041423690000000015
2023-07-10,0.5,0.5,0.0,0.0,0.00395378095,0.00395378095,0.00395378095
2023-07-11,0.5,0.5,0.0,0.0,0.0047315456,0.0047315456,0.0047315456
2023-07-12,0.5,0.5,0.0,0.0,-0.0092946624,-0.0092946624,-0.0092946624
2023-07-13,0.5,0.5,0.0,0.0,0.011669959649999999,0.011669959649999999,0.011669959649999999
2023-07-14,0.5,0.5,0.0,0.0,-0.0013334657,-0.0013334657,-0.0013334657
2023-07-17,0.5,0.5,0.0,0.0,-0.00644489295,-0.00644489295,-0.00644489295
2023-07-18,0.5,0.5,0.0,0.0,-0.0013818446000000001,-0.0013818446000000001,-0.0013818446000000001
2023-07-19,0.5,0.5,0.0,0.0,0.0012980341,0.0012980341,0.0012980341
2023-07-20,0.5,0.5,0.0,0.0,-0.00838188575,-0.00838188575,-0.00838188575
2023-07-21,0.5,0.5,0.0,0.0,-0.0001757556,-0.0001757556,-0.0001757556
2023-07-24,0.5,0.5,0.0,0.0,-0.0005917387,-0.0005917387,-0.0005917387
2023-07-25,0.5,0.5,0.0,0.0,0.0167993885,0.0167993885,0.0167993885
2023-07-26,0.5,0.5,0.0,0.0,-0.0003619691500000001,-0.0003619691500000001,-0.0003619691500000001
2023-07-27,0.5,0.5,0.0,0.0,-0.0028315371,-0.0028315371,-0.0028315371
2023-07-28,0.5,0.5,0.0,0.0,0.0160467768,0.0160467768,0.0160467768
2023-07-31,0.026596993576865856,0.9734030064231342,0.47340300642313415,0.00047340300642313417,0.007043368401436453,0.006569965395013319,0.00723928865
2023-08-01,0.026596993576865856,0.9734030064231342,0.0,0.0,0.0009325037518543247,0.0009325037518543247,0.00132859555
2023-08-02,0.039165722796764356,0.9608342772032357,0.0125687292198985,1.25687292198985e-05,-0.008897675785370162,-0.008910244514590061,-0.0063142215
2023-08-03,0.08317269649392238,0.9168273035060777,0.044006973697158024,4.400697369715802e-05,0.005332757474108108,0.005288750500410951,0.0044958582
2023-08-04,0.08317269649392238,0.9168273035060777,0.0,0.0,-0.002235800655583216,-0.002235800655583216,0.00100735615
2023-08-07,0.16798161486607552,0.8320183851339245,0.08480891837215314,8.480891837215314e-05,-0.00829686316089425,-0.008381672079266404,-0.0074489232
2023-08-08,0.401312339887548,0.598687660112452,0.23333072502147248,0.00023333072502147248,-0.0024574382261592998,-0.0026907689511807722,-0.0027189098
2023-08-09,0.3100255188723876,0.6899744811276124,0.09128682101516039,9.128682101516039e-05,-0.005317944682002592,-0.005409231503017753,-0.0058667957
2023-08-10,0.23147521650098232,0.7685247834990176,0.07855030237140528,7.855030237140528e-05,0.002306725801649707,0.0022281754992783016,0.00207865715
2023-08-11,0.23147521650098232,0.7685247834990176,0.0,0.0,-0.016389374971051026,-0.016389374971051026,-0.0175192155
2023-08-14,0.3100255188723876,0.6899744811276124,0.07855030237140528,7.855030237140528e-05,-0.00018363858205899285,-0.0002621888844303981,2.768714999999998e-05
2023-08-15,0.23147521650098232,0.7685247834990176,0.07855030237140528,7.855030237140528e-05,0.0036500860545936003,0.003571535752222195,0.00018832874999999972
2023-08-16,0.057324175898868755,0.9426758241011313,0.17415104060211356,0.00017415104060211357,-0.0009185568026546902,-0.0010927078432568038,-0.0042059885000000005
2023-08-17,0.026596993576865856,0.9734030064231342,0.0307271823220029,3.07271823220029e-05,0.0002763861910997576,0.0002456590087777547,0.003572423
2023-08-18,0.026596993576865856,0.9734030064231342,0.0,0.0,-0.004667176752948224,-0.004667176752948224,-0.01039185615
2023-08-21,0.026596993576865856,0.9734030064231342,0.0,0.0,-0.010454138037461723,-0.010454138037461723,-0.0110111158
2023-08-22,0.026596993576865856,0.9734030064231342,0.0,0.0,0.007911886252305758,0.007911886252305758,0.0066429187
2023-08-23,0.08317269649392238,0.9168273035060777,0.05657570291705652,5.6575702917056524e-05,-0.004158894919601537,-0.004215470622518594,-0.011102707550000002
2023-08-24,0.11920292202211755,0.8807970779778824,0.03603022552819517,3.603022552819517e-05,-0.003676339649623752,-0.0037123698751519475,-0.00030730714999999993
2023-08-25,0.23147521650098232,0.7685247834990176,0.11227229447886478,0.00011227229447886478,-0.0013614558495280427,-0.0014737281440069074,-0.00530292355
2023-08-28,0.057324175898868755,0.9426758241011313,0.17415104060211356,0.00017415104060211357,0.013668353664999385,0.013494202624397272,0.012544509000000002
2023-08-29,0.057324175898868755,0.9426758241011313,0.0,0.0,0.0029581391984231774,0.0029581391984231774,0.01206682735
2023-08-30,0.08317269649392238,0.9168273035060777,0.025848520595053624,2.5848520595053625e-05,-0.0065951355113097595,-0.006620984031904813,-0.0032155400000000002
2023-08-31,0.3100255188723876,0.6899744811276124,0.2268528223784652,0.00022685282237846523,-0.009034244258491092,-0.009261097080869557,-0.008251447
2023-09-01,0.5986876601124521,0.4013123398875479,0.2886621412400645,0.00028866214124006453,0.005472939518096441,0.005184277376856377,0.006330170150000001
2023-09-04,0.23147521650098232,0.7685247834990176,0.36721244361146976,0.0003672124436114698,0.015085842051956823,0.014718629608345354,0.0146134909
2023-09-05,0.026596993576865856,0.9734030064231342,0.20487822292411648,0.00020487822292411648,-0.007757411757389203,-0.00796228998031332,-0.00741079455
2023-09-06,0.23147521650098232,0.7685247834990176,0.20487822292411648,0.00020487822292411648,-9.241365740680342e-05,-0.0002972918803309199,4.041645e-05
2023-09-07,0.057324175898868755,0.9426758241011313,0.17415104060211356,0.00017415104060211357,-0.005824537292536096,-0.00599868833313821,-0.0102001215
2023-09-08,0.5,0.5,0.44267582410113127,0.00044267582410113126,-0.0027499735999999995,-0.0031926494241011306,-0.0027499735999999995
2023-09-11,0.9168273035060777,0.08317269649392234,0.41682730350607766,0.0004168273035060777,0.011226140474622514,0.010809313171116436,0.009451031300000001
2023-09-12,0.039165722796764356,0.9608342772032357,0.8776615807093133,0.0008776615807093134,-0.0012642501796418244,-0.0021419117603511378,-0.00097388205
2023-09-13,0.11920292202211755,0.8807970779778824,0.08003719922535318,8.003719922535318e-05,0.0013000496147439428,0.0012200124155185895,-0.0034219621
2023-09-14,0.026596993576865856,0.9734030064231342,0.09260592844525169,9.26059284452517e-05,0.009686923270927017,0.009594317342481765,0.0038444711
2023-09-15,0.026596993576865856,0.9734030064231342,0.0,0.0,-0.002242878477432538,-0.002242878477432538,-0.0009336337499999999
2023-09-18,0.039165722796764356,0.9608342772032357,0.0125687292198985,1.25687292198985e-05,0.0011688985002832192,0.0011563297710633206,0.0018715398500000003
2023-09-19,0.057324175898868755,0.9426758241011313,0.0181584531021044,1.81584531021044e-05,0.00598920294713014,0.0059710444940280355,0.0005668611999999995
2023-09-20,0.08317269649392238,0.9168273035060777,0.025848520595053624,2.5848520595053625e-05,0.0006807595614361817,0.0006549110408411281,-0.00257776525
2023-09-21,0.08317269649392238,0.9168273035060777,0.0,0.0,-0.006548256938754272,-0.006548256938754272,-0.0067158697
2023-09-22,0.23147521650098232,0.7685247834990176,0.14830252000705996,0.00014830252000705996,0.006873677555228208,0.006725375035221148,0.00988235165
2023-09-25,0.9820137900379085,0.01798620996209155,0.7505385735369261,0.0007505385735369261,-0.005576426783310284,-0.00632696535684721,-0.0038197094499999996
2023-09-26,0.9820137900379085,0.01798620996209155,0.0,0.0,-0.0035489072443132767,-0.0035489072443132767,-0.0040249806
2023-09-27,0.9820137900379085,0.01798620996209155,0.0,0.0,0.0047537234204102635,0.0047537234204102635,0.0007287896499999999
2023-09-28,0.9608342772032357,0.039165722796764335,0.021179512834672787,2.1179512834672787e-05,0.0027881255069445,0.0027669459941098273,0.0015360632
2023-10-09,0.9820137900379085,0.01798620996209155,0.021179512834672787,2.1179512834672787e-05,-0.005704631915949225,-0.005725811428783898,-0.00465563615
2023-10-10,0.9608342772032357,0.039165722796764335,0.021179512834672787,2.1179512834672787e-05,-0.005094964679419409,-0.005116144192254082,-0.0074156049
2023-10-11,0.9608342772032357,0.039165722796764335,0.0,0.0,-0.000221281645692225,-0.000221281645692225,-0.00160701405
2023-10-12,0.973403006423134,0.026596993576865957,0.012568729219898378,1.2568729219898379e-05,0.0075057371244886505,0.007493168395268752,0.008778006
2023-10-13,0.6899744811276125,0.3100255188723875,0.28342852529552154,0.00028342852529552156,-0.005044671112354485,-0.005328099637650007,-0.0040023735
2023-10-16,0.6899744811276125,0.3100255188723875,0.0,0.0,-0.005863006403717208,-0.005863006403717208,-0.0037214535999999998
2023-10-17,0.3100255188723876,0.6899744811276124,0.3799489622552249,0.0003799489622552249,0.002156970120493082,0.001777021158237857,0.00228714035
2023-10-18,0.16798161486607552,0.8320183851339245,0.1420439040063121,0.0001420439040063121,-0.009793665909514622,-0.009935709813520934,-0.010930810850000002
2023-10-19,0.5,0.5,0.33201838513392445,0.0003320183851339245,-0.013818022400000001,-0.014150040785133926,-0.013818022400000001
2023-10-20,0.9820137900379085,0.01798620996209155,0.48201379003790845,0.00048201379003790846,-0.007344985596269452,-0.00782699938630736,-0.0062708678499999995
2023-10-23,0.973403006423134,0.026596993576865957,0.008610783614774409,8.610783614774408e-06,-0.024287192028741807,-0.02429580281235658,-0.01898826185
2023-10-24,0.9820137900379085,0.01798620996209155,0.008610783614774409,8.610783614774408e-06,0.011585760305954242,0.011577149522339467,0.009633174500000001
2023-10-25,0.9426758241011313,0.057324175898868734,0.039337965936777186,3.9337965936777185e-05,0.004735950953412085,0.0046966129874753074,0.00669952275
2023-10-26,0.9168273035060777,0.08317269649392234,0.025848520595053603,2.5848520595053605e-05,0.004310659162794442,0.004284810642199388,0.00453289585
2023-10-27,0.9426758241011313,0.057324175898868734,0.025848520595053603,2.5848520595053605e-05,0.0164859635533538,0.016460115032758744,0.010640482550000002
2023-10-30,0.8320183851339245,0.16798161486607555,0.11065743896720681,0.00011065743896720682,0.006509410151418561,0.006398752712451355,-0.00018841319999999995
2023-10-31,0.9820137900379085,0.01798620996209155,0.149995404903984,0.000149995404903984,-0.003180219208312199,-0.003330214613216183,-0.0007117941499999999
2023-11-01,0.9820137900379085,0.01798620996209155,0.0,0.0,-0.0032672371846687426,-0.0032672371846687426,-0.00224809475
2023-11-02,0.9608342772032357,0.039165722796764335,0.021179512834672787,2.1179512834672787e-05,-0.008744022912615857,-0.008765202425450529,-0.003757254
2023-11-03,0.9168273035060777,0.08317269649392234,0.044006973697158,4.4006973697158e-05,0.008159396875986718,0.00811538990228956,0.0023216256999999997
2023-11-06,0.9426758241011313,0.057324175898868734,0.025848520595053603,2.5848520595053605e-05,0.016110567488881268,0.016084718968286213,0.007799977499999999
2023-11-07,0.9820137900379085,0.01798620996209155,0.039337965936777186,3.9337965936777185e-05,0.0010488705242897409,0.0010095325583529637,0.0002971866
2023-11-08,0.9820137900379085,0.01798620996209155,0.0,0.0,-0.0005615140363905674,-0.0005615140363905674,-0.000894456
2023-11-09,0.973403006423134,0.026596993576865957,0.008610783614774409,8.610783614774408e-06,-0.0025957949708191137,-0.002604405754433888,0.0018578970999999997
2023-11-10,0.9608342772032357,0.039165722796764335,0.012568729219898378,1.2568729219898379e-05,-0.003399032032588882,-0.0034116007618087804,-0.0035056689
2023-11-13,0.9608342772032357,0.039165722796764335,0.0,0.0,0.005667836278985447,0.005667836278985447,0.0038067976500000002
2023-11-14,0.8807970779778823,0.11920292202211769,0.08003719922535335,8.003719922535336e-05,0.0037619655404804585,0.003681928341255105,0.0015413281499999998
2023-11-15,0.9608342772032357,0.039165722796764335,0.08003719922535335,8.003719922535336e-05,0.006003611551506995,0.005923574352281642,0.0054604013500000005
2023-11-16,0.9168273035060777,0.08317269649392234,0.044006973697158,4.4006973697158e-05,-0.009047010000378525,-0.009091016974075683,-0.00550065935
2023-11-17,0.9608342772032357,0.039165722796764335,0.044006973697158,4.4006973697158e-05,0.003677926315932146,0.003633919342234988,0.00067459675
2023-11-20,0.9820137900379085,0.01798620996209155,0.021179512834672787,2.1179512834672787e-05,0.0049889716016414615,0.004967792088806789,0.00377837435
2023-11-21,0.973403006423134,0.026596993576865957,0.008610783614774409,8.610783614774408e-06,-0.0031155735552567117,-0.003124184338871486,0.00020180535
2023-11-22,0.9608342772032357,0.039165722796764335,0.012568729219898378,1.2568729219898379e-05,-0.011732879749346217,-0.011745448478566116,-0.0075620088
2023-11-23,0.973403006423134,0.026596993576865957,0.012568729219898378,1.2568729219898379e-05,0.008957474406848472,0.008944905677628573,0.008410034200000001
2023-11-24,0.9608342772032357,0.039165722796764335,0.012568729219898378,1.2568729219898379e-05,-0.008958443297651544,-0.008971012026871443,-0.00436456745
2023-11-27,0.8807970779778823,0.11920292202211769,0.08003719922535335,8.003719922535336e-05,-0.0009338033280308715,-0.0010138405272562248,-0.00167249075
2023-11-28,0.8807970779778823,0.11920292202211769,0.0,0.0,0.003945065870994297,0.003945065870994297,0.0022071370999999997
2023-11-29,0.9168273035060777,0.08317269649392234,0.03603022552819535,3.603022552819535e-05,-0.006840285043592,-0.006876315269120195,-0.0069181037
2023-11-30,0.9168273035060777,0.08317269649392234,0.0,0.0,-0.001093040936487621,-0.001093040936487621,0.00090540685
2023-12-01,0.3100255188723876,0.6899744811276124,0.6068017846336901,0.0006068017846336901,0.0032875236925753847,0.0026807219079416945,0.0034657336999999997
2023-12-04,0.11920292202211755,0.8807970779778824,0.19082259685027006,0.00019082259685027005,-7.603894498860231e-05,-0.00026686154183887235,-0.0006489802499999999
2023-12-05,0.039165722796764356,0.9608342772032357,0.08003719922535318,8.003719922535318e-05,-0.013092657927705378,-0.013172695126930731,-0.0153251941
2023-12-06,0.039165722796764356,0.9608342772032357,0.0,0.0,-0.000258565251492917,-0.000258565251492917,0.0017464669
2023-12-07,0.026596993576865856,0.9734030064231342,0.0125687292198985,1.25687292198985e-05,0.0014691183433093488,0.0014565496140894502,0.0006935474999999999
2023-12-08,0.23147521650098232,0.7685247834990176,0.20487822292411648,0.00020487822292411648,0.0005673317413647995,0.00036245351844068306,0.0014434997000000002
2023-12-11,0.5,0.5,0.26852478349901765,0.00026852478349901764,0.01373062095,0.013462096166500981,0.01373062095
2023-12-12,0.057324175898868755,0.9426758241011313,0.44267582410113127,0.00044267582410113126,0.007190056361911236,0.0067473805378101045,0.003925368950000001
2023-12-13,0.026596993576865856,0.9734030064231342,0.0307271823220029,3.07271823220029e-05,-0.008321392474130891,-0.008352119656452894,-0.00940016625
2023-12-14,0.026596993576865856,0.9734030064231342,0.0,0.0,-0.000975483543547209,-0.000975483543547209,-0.0021069831
2023-12-15,0.026596993576865856,0.9734030064231342,0.0,0.0,-0.005937911217442621,-0.005937911217442621,-0.00655323235
2023-12-18,0.039165722796764356,0.9608342772032357,0.0125687292198985,1.25687292198985e-05,-0.002611125903740963,-0.0026236946329608614,-0.007036652399999999
2023-12-19,0.026596993576865856,0.9734030064231342,0.0125687292198985,1.25687292198985e-05,-0.001723394559699414,-0.0017359632889193126,-0.0013726124
2023-12-20,0.039165722796764356,0.9608342772032357,0.0125687292198985,1.25687292198985e-05,-0.004814074030080471,-0.004826642759300369,-0.00879802585
2023-12-21,0.11920292202211755,0.8807970779778824,0.08003719922535318,8.003719922535318e-05,-0.0002154951843963969,-0.0002955323836217501,0.00227784455
2023-12-22,0.16798161486607552,0.8320183851339245,0.04877869284395797,4.877869284395797e-05,-0.0027640121556190755,-0.0028127908484630337,-0.0036845402999999997
2023-12-25,0.16798161486607552,0.8320183851339245,0.0,0.0,0.001419301707769609,0.001419301707769609,0.0011297251
2023-12-26,0.026596993576865856,0.9734030064231342,0.14138462128920967,0.00014138462128920968,-0.006024312884648996,-0.006165697505938206,-0.00831804035
2023-12-27,0.057324175898868755,0.9426758241011313,0.0307271823220029,3.07271823220029e-05,0.0057107374598663095,0.005680010277544307,0.005462228149999999
2023-12-28,0.039165722796764356,0.9608342772032357,0.0181584531021044,1.81584531021044e-05,-0.0005098860688009753,-0.0005280445219030798,0.00856080925
2023-12-29,0.401312339887548,0.598687660112452,0.36214661709078366,0.0003621466170907837,0.0065949717899452575,0.006232825172854474,0.00692977245
2024-01-02,0.08317269649392238,0.9168273035060777,0.3181396433936256,0.0003181396433936256,0.00916547563767426,0.008847335994280635,0.0033426593500000003
2024-01-03,0.026596993576865856,0.9734030064231342,0.05657570291705652,5.6575702917056524e-05,0.01027211515623162,0.010215539453314564,0.00455172195
2024-01-04,0.026596993576865856,0.9734030064231342,0.0,0.0,0.003988902604599198,0.003988902604599198,-0.0020994722499999997
2024-01-05,0.026596993576865856,0.9734030064231342,0.0,0.0,0.00022473558151225994,0.00022473558151225994,-0.0065548951
2024-01-08,0.039165722796764356,0.9608342772032357,0.0125687292198985,1.25687292198985e-05,-0.010875420131254991,-0.01088798886047489,-0.01602666665
2024-01-09,0.039165722796764356,0.9608342772032357,0.0,0.0,0.005502603936200793,0.005502603936200793,0.004065658650000001
2024-01-10,0.026596993576865856,0.9734030064231342,0.0125687292198985,1.25687292198985e-05,-0.005464236924691077,-0.005476805653910975,-0.0049259796
2024-01-11,0.039165722796764356,0.9608342772032357,0.0125687292198985,1.25687292198985e-05,-0.0044400293043023314,-0.00445259803352223,0.00380643755
2024-01-12,0.23147521650098232,0.7685247834990176,0.19230949370421796,0.00019230949370421796,0.0010284760981418826,0.0008361666044376646,-0.0005137739499999999
2024-01-15,0.23147521650098232,0.7685247834990176,0.0,0.0,0.0032599572067801134,0.0032599572067801134,0.0012563405500000003
2024-01-16,0.057324175898868755,0.9426758241011313,0.17415104060211356,0.00017415104060211357,0.003254924500737989,0.0030807734601358753,0.0014643725499999998
2024-01-17,0.026596993576865856,0.9734030064231342,0.0307271823220029,3.07271823220029e-05,-0.014286182228947942,-0.014316909411269944,-0.01941220925
2024-01-18,0.3100255188723876,0.6899744811276124,0.28342852529552176,0.00028342852529552177,-0.0041910482452116975,-0.0044744767705072195,-0.00274235595
2024-01-19,0.6899744811276125,0.3100255188723875,0.3799489622552249,0.0003799489622552249,-0.00843017079427235,-0.008810119756527575,-0.00772761585
2024-01-22,0.7685247834990178,0.23147521650098224,0.07855030237140526,7.855030237140526e-05,-0.04401759615537057,-0.04409614645774197,-0.04018981825
2024-01-23,0.8807970779778823,0.11920292202211769,0.11227229447886455,0.00011227229447886455,0.017044814874913935,0.01693254258043507,0.014854958150000002
2024-01-24,0.8807970779778823,0.11920292202211769,0.0,0.0,0.014952267087196033,0.014952267087196033,0.018100999300000004
2024-01-25,0.6899744811276125,0.3100255188723875,0.1908225968502698,0.0001908225968502698,0.028438449762187318,0.028247627165337047,0.028541512400000003
2024-01-26,0.026596993576865856,0.9734030064231342,0.6633774875507467,0.0006633774875507467,0.012488308003149793,0.011824930515599047,0.0019968765000000005
2024-01-29,0.026596993576865856,0.9734030064231342,0.0,0.0,0.0020830916784744706,0.0020830916784744706,-0.008524958300000001
2024-01-30,0.026596993576865856,0.9734030064231342,0.0,0.0,-0.013409842637269931,-0.013409842637269931,-0.01803253925
2024-01-31,0.039165722796764356,0.9608342772032357,0.0125687292198985,1.25687292198985e-05,-0.004528327351566612,-0.00454089608078651,-0.01411149435
2024-02-01,0.026596993576865856,0.9734030064231342,0.0125687292198985,1.25687292198985e-05,-0.009791145924703867,-0.009803714653923766,-0.006918869000000001
2024-02-02,0.057324175898868755,0.9426758241011313,0.0307271823220029,3.07271823220029e-05,-0.0021626835288793026,-0.0021934107112013056,-0.0127404783
2024-02-05,0.039165722796764356,0.9608342772032357,0.0181584531021044,1.81584531021044e-05,-0.0016715427127802723,-0.0016897011658823767,-0.01169133535
2024-02-06,0.026596993576865856,0.9734030064231342,0.0125687292198985,1.25687292198985e-05,0.02503055267807816,0.025017983948858263,0.0505448891
2024-02-07,0.3100255188723876,0.6899744811276124,0.28342852529552176,0.00028342852529552177,0.03317180073309193,0.032888372207796404,0.041435862950000006
2024-02-08,0.6899744811276125,0.3100255188723875,0.3799489622552249,0.0003799489622552249,0.00572119466122564,0.005341245698970415,0.00435074385
2024-02-19,0.7685247834990178,0.23147521650098224,0.07855030237140526,7.855030237140526e-05,0.003332875477847854,0.0032543251754764487,0.009141958450000001
2024-02-20,0.401312339887548,0.598687660112452,0.36721244361146976,0.0003672124436114698,0.006811665405935894,0.006444452962324424,0.00566811345
2024-02-21,0.23147521650098232,0.7685247834990176,0.16983712338656567,0.0001698371233865657,9.287694749619309e-05,-7.69601758903726e-05,-7.008684999999998e-05
2024-02-22,0.5,0.5,0.26852478349901765,0.00026852478349901764,0.0109236228,0.010655098016500981,0.0109236228
2024-02-23,0.23147521650098232,0.7685247834990176,0.26852478349901765,0.00026852478349901764,-0.001762689971364968,-0.0020312147548639855,0.00029556489999999993
2024-02-26,0.6899744811276125,0.3100255188723875,0.45849926462663015,0.00045849926462663014,-0.005755291144719235,-0.006213790409345865,-0.00901702405
2024-02-27,0.8807970779778823,0.11920292202211769,0.1908225968502698,0.0001908225968502698,0.01967094163605041,0.01948011903920014,0.0134359111
2024-02-28,0.9608342772032357,0.039165722796764335,0.08003719922535335,8.003719922535336e-05,-0.022769194431652626,-0.02284923163087798,-0.0163343715
2024-02-29,0.973403006423134,0.026596993576865957,0.012568729219898378,1.2568729219898379e-05,0.03086500562955574,0.03085243690033584,0.02145683955
2024-03-01,0.9820137900379085,0.01798620996209155,0.008610783614774409,8.610783614774408e-06,0.00592488448539082,0.005916273701776045,0.00303701845
2024-03-04,0.9820137900379085,0.01798620996209155,0.0,0.0,0.0018687219156076024,0.0018687219156076024,0.0032644396
2024-03-05,0.9608342772032357,0.039165722796764335,0.021179512834672787,2.1179512834672787e-05,-0.0063843091170800274,-0.0064054886299147,-0.0007306636499999997
2024-03-06,0.8320183851339245,0.16798161486607555,0.1288158920693112,0.00012881589206931122,-0.00031517249194688607,-0.0004439883840161973,-0.00030097180000000003
2024-03-07,0.973403006423134,0.026596993576865957,0.1413846212892096,0.0001413846212892096,-0.013118444714861465,-0.013259829336150674,-0.0044093921
2024-03-08,0.973403006423134,0.026596993576865957,0.0,0.0,0.013482227239484345,0.013482227239484345,0.009615487200000002
2024-03-11,0.9820137900379085,0.01798620996209155,0.008610783614774409,8.610783614774408e-06,0.016652558895436563,0.01664394811182179,0.004773638299999999
2024-03-12,0.9820137900379085,0.01798620996209155,0.0,0.0,-0.0034671397098360256,-0.0034671397098360256,-0.011015153049999999
2024-03-13,0.9820137900379085,0.01798620996209155,0.0,0.0,-0.0016338574672410198,-0.0016338574672410198,-0.00289819675
2024-03-14,0.9820137900379085,0.01798620996209155,0.0,0.0,-0.003975327798340752,-0.003975327798340752,-0.00071371685
2024-03-15,0.973403006423134,0.026596993576865957,0.008610783614774409,8.610783614774408e-06,0.011048759886925757,0.011040149103310982,0.0056543367
2024-03-18,0.9426758241011313,0.057324175898868734,0.030727182322002777,3.072718232200278e-05,0.012705169972193358,0.012674442789871355,0.0056189967
2024-03-19,0.9820137900379085,0.01798620996209155,0.039337965936777186,3.9337965936777185e-05,-0.008986289894270659,-0.009025627860207436,-0.0063590853
2024-03-20,0.9820137900379085,0.01798620996209155,0.0,0.0,0.0027931607130240875,0.0027931607130240875,0.0033428288500000005
2024-03-21,0.9820137900379085,0.01798620996209155,0.0,0.0,-0.0049090253872507315,-0.0049090253872507315,-0.0018937298000000003
2024-03-22,0.9608342772032357,0.039165722796764335,0.021179512834672787,2.1179512834672787e-05,-0.014417212474992272,-0.014438391987826944,-0.00911945485
2024-03-25,0.8320183851339245,0.16798161486607555,0.1288158920693112,0.00012881589206931122,-0.013733385678643685,-0.013862201570712997,-0.0079076126
2024-03-26,0.5986876601124521,0.4013123398875479,0.23333072502147234,0.00023333072502147235,-0.0014379588683407349,-0.0016712895933622073,-0.00131191415
2024-03-27,0.401312339887548,0.598687660112452,0.19737532022490412,0.00019737532022490412,-0.011722247470402571,-0.011919622790627474,-0.01377445905
2024-03-28,0.401312339887548,0.598687660112452,0.0,0.0,0.004657217547675364,0.004657217547675364,0.006035162199999999
2024-03-29,0.8807970779778823,0.11920292202211769,0.4794847380903343,0.0004794847380903343,0.011746478398262119,0.011266993660171785,0.011138691000000001
2024-04-01,0.9608342772032357,0.039165722796764335,0.08003719922535335,8.003719922535336e-05,0.021031673796298854,0.0209516365970735,0.0123800108
2024-04-02,0.9820137900379085,0.01798620996209155,0.021179512834672787,2.1179512834672787e-05,-0.0035686326822916446,-0.0035898121951263174,7.79815000000017e-06
2024-04-03,0.9820137900379085,0.01798620996209155,0.0,0.0,-0.0010326358283980236,-0.0010326358283980236,0.00433018795
2024-04-08,0.9608342772032357,0.039165722796764335,0.021179512834672787,2.1179512834672787e-05,-0.013650755056946216,-0.013671934569780888,-0.0078779225
2024-04-09,0.9608342772032357,0.039165722796764335,0.0,0.0,0.007891818028166577,0.007891818028166577,0.00235913225
2024-04-10,0.9168273035060777,0.08317269649392234,0.044006973697158,4.4006973697158e-05,-0.011376553271647853,-0.011420560245345011,-0.0051466694000000006
2024-04-11,0.9426758241011313,0.057324175898868734,0.025848520595053603,2.5848520595053605e-05,0.005210859922299078,0.005185011401704025,0.006898712099999999
2024-04-12,0.9168273035060777,0.08317269649392234,0.025848520595053603,2.5848520595053605e-05,-0.004533285929291012,-0.004559134449886065,-0.0040079273
2024-04-15,0.7685247834990178,0.23147521650098224,0.1483025200070599,0.0001483025200070599,0.013383013840851353,0.013234711320844294,0.01516837785
2024-04-16,0.23147521650098232,0.7685247834990176,0.5370495669980354,0.0005370495669980354,-0.00897144382620429,-0.009508493393202325,-0.0155321372
2024-04-17,0.08317269649392238,0.9168273035060777,0.14830252000705996,0.00014830252000705996,0.019225131269312263,0.019076828749305202,0.02346230765
2024-04-18,0.401312339887548,0.598687660112452,0.3181396433936256,0.0003181396433936256,0.0033307377260520486,0.003012598082658423,0.0030931625500000004
2024-04-19,0.6899744811276125,0.3100255188723875,0.2886621412400645,0.00028866214124006453,-0.003592325012554914,-0.0038809871537949787,-0.0017881990499999997
2024-04-22,0.5986876601124521,0.4013123398875479,0.09128682101516039,9.128682101516039e-05,-0.013469777468556352,-0.013561064289571512,-0.0145943155
2024-04-23,0.9820137900379085,0.01798620996209155,0.38332612992545634,0.0003833261299254563,-0.011356126687175196,-0.011739452817100652,-0.01394781665
2024-04-24,0.9820137900379085,0.01798620996209155,0.0,0.0,0.01035223532141525,0.01035223532141525,0.00597522605
2024-04-25,0.9426758241011313,0.057324175898868734,0.039337965936777186,3.9337965936777185e-05,-0.0003765748784050528,-0.00041591284434183,0.0021497370500000003
2024-04-26,0.8807970779778823,0.11920292202211769,0.06187874612324895,6.187874612324895e-05,0.018142659691244595,0.018080780945121347,0.007593816600000001
2024-04-29,0.9608342772032357,0.039165722796764335,0.08003719922535335,8.003719922535336e-05,0.01897622259149752,0.018896185392272166,0.00927926455
2024-04-30,0.973403006423134,0.026596993576865957,0.012568729219898378,1.2568729219898379e-05,-0.0066151302259618095,-0.006627698955181708,-0.00301283855
2024-05-06,0.9608342772032357,0.039165722796764335,0.012568729219898378,1.2568729219898379e-05,0.015833977587470946,0.01582140885825105,0.0130063545
2024-05-07,0.9608342772032357,0.039165722796764335,0.0,0.0,-0.00024860537628642183,-0.00024860537628642183,5.884034999999999e-05
2024-05-08,0.9820137900379085,0.01798620996209155,0.021179512834672787,2.1179512834672787e-05,-0.012118650811419687,-0.012139830324254358,-0.005582672949999999
2024-05-09,0.9426758241011313,0.057324175898868734,0.039337965936777186,3.9337965936777185e-05,0.017334135941207803,0.017294797975271024,0.0125349007
2024-05-10,0.9820137900379085,0.01798620996209155,0.039337965936777186,3.9337965936777185e-05,-0.0036955214157442127,-0.00373485938168099,0.00035866635000000006
2024-05-13,0.9168273035060777,0.08317269649392234,0.06518648653183079,6.51864865318308e-05,-0.00475696424640902,-0.00482215073294085,-0.0013127309500000001
2024-05-14,0.401312339887548,0.598687660112452,0.5155149636185297,0.0005155149636185297,-0.002048069259848403,-0.0025635842234669323,-0.00184585255
2024-05-15,0.11920292202211755,0.8807970779778824,0.2821094178654304,0.0002821094178654304,-0.0022102416656349785,-0.002492351083500409,-0.0055052915000000004
2024-05-16,0.08317269649392238,0.9168273035060777,0.03603022552819517,3.603022552819517e-05,0.0016580199888047047,0.0016219897632765096,-0.0009313659499999999
2024-05-17,0.08317269649392238,0.9168273035060777,0.0,0.0,0.010067127992395423,0.010067127992395423,0.0111246758
2024-05-20,0.026596993576865856,0.9734030064231342,0.05657570291705652,5.6575702917056524e-05,0.00927879209616857,0.009222216393251515,0.0075651304
2024-05-21,0.026596993576865856,0.9734030064231342,0.0,0.0,0.0022608717251122647,0.0022608717251122647,-0.0027646178
2024-05-22,0.026596993576865856,0.9734030064231342,0.0,0.0,-0.0004561979137973872,-0.0004561979137973872,-0.0011491747499999998
2024-05-23,0.039165722796764356,0.9608342772032357,0.0125687292198985,1.25687292198985e-05,-0.013980598784798529,-0.013993167514018428,-0.0165983102
2024-05-24,0.08317269649392238,0.9168273035060777,0.044006973697158024,4.400697369715802e-05,-0.004727071841191941,-0.004771078814889099,-0.006719739149999999
2024-05-27,0.11920292202211755,0.8807970779778824,0.03603022552819517,3.603022552819517e-05,0.014014225593814213,0.013978195368286019,0.012667685999999997
2024-05-28,0.11920292202211755,0.8807970779778824,0.0,0.0,-0.005430228676814216,-0.005430228676814216,-0.0075287949
2024-05-29,0.16798161486607552,0.8320183851339245,0.04877869284395797,4.877869284395797e-05,0.002007350956629299,0.001958572263785341,0.0021204327
2024-05-30,0.401312339887548,0.598687660112452,0.23333072502147248,0.00023333072502147248,-0.00686734553899542,-0.007100676264016893,-0.0063431263500000005
2024-05-31,0.5,0.5,0.098687660112452,9.8687660112452e-05,0.0004053097,0.000306622039887548,0.0004053097
2024-06-03,0.5986876601124521,0.4013123398875479,0.09868766011245211,9.868766011245211e-05,-0.006343368004618092,-0.0064420556647305435,-0.0063064212
2024-06-04,0.5986876601124521,0.4013123398875479,0.0,0.0,0.009751962907178804,0.009751962907178804,0.00898502955
2024-06-05,0.8807970779778823,0.11920292202211769,0.2821094178654302,0.0002821094178654302,-0.012072316271628011,-0.012354425689493442,-0.012359721800000001
2024-06-06,0.9426758241011313,0.057324175898868734,0.06187874612324895,6.187874612324895e-05,-0.008728529204113666,-0.008790407950236915,-0.00423431155
2024-06-07,0.9426758241011313,0.057324175898868734,0.0,0.0,-0.0032329904599470386,-0.0032329904599470386,0.0010732129
2024-06-11,0.9168273035060777,0.08317269649392234,0.025848520595053603,2.5848520595053605e-05,0.00011187850891768408,8.602998832263047e-05,-0.007496093200000001
2024-06-12,0.9820137900379085,0.01798620996209155,0.06518648653183079,6.51864865318308e-05,0.003115303701532847,0.003050117215001016,0.00707447045
2024-06-13,0.973403006423134,0.026596993576865957,0.008610783614774409,8.610783614774408e-06,-0.007462623704797218,-0.0074712344884119925,-0.0098033056
2024-06-14,0.9820137900379085,0.01798620996209155,0.008610783614774409,8.610783614774408e-06,0.003451582333884346,0.0034429715502695716,0.0004947072999999999
2024-06-17,0.9820137900379085,0.01798620996209155,0.0,0.0,-0.0013584842320406695,-0.0013584842320406695,-0.007101722500000001
2024-06-18,0.9820137900379085,0.01798620996209155,0.0,0.0,0.004541592024964586,0.004541592024964586,0.0039515387
2024-06-19,0.9820137900379085,0.01798620996209155,0.0,0.0,-0.011727448953247626,-0.011727448953247626,-0.008008548099999999
2024-06-20,0.9820137900379085,0.01798620996209155,0.0,0.0,-0.014162722079941443,-0.014162722079941443,-0.008715962300000001
2024-06-21,0.9820137900379085,0.01798620996209155,0.0,0.0,0.0014841636540121198,0.0014841636540121198,0.0004177307500000001
2024-06-24,0.9168273035060777,0.08317269649392234,0.06518648653183079,6.51864865318308e-05,-0.020738718639591255,-0.020803905126123085,-0.0171990777
2024-06-25,0.8320183851339245,0.16798161486607555,0.08480891837215321,8.48089183721532e-05,-0.006960737972505948,-0.007045546890878101,-0.00319168575
2024-06-26,0.7685247834990178,0.23147521650098224,0.0634936016349067,6.34936016349067e-05,0.011498037049355054,0.011434543447720148,0.008005667999999999
2024-06-27,0.7685247834990178,0.23147521650098224,0.0,0.0,-0.015638075849878544,-0.015638075849878544,-0.01243305305
2024-06-28,0.3100255188723876,0.6899744811276124,0.45849926462663015,0.00045849926462663014,0.003589291809722056,0.0031307925450954257,0.00342402995
2024-07-01,0.11920292202211755,0.8807970779778824,0.19082259685027006,0.00019082259685027005,0.020640478421835563,0.020449655824985292,0.01699813575
2024-07-02,0.026596993576865856,0.9734030064231342,0.09260592844525169,9.26059284452517e-05,-0.0015274309671359611,-0.0016200368955812128,-0.006002970350000001
2024-07-03,0.026596993576865856,0.9734030064231342,0.0,0.0,-0.008218829264236891,-0.008218829264236891,-0.00800989725
2024-07-04,0.057324175898868755,0.9426758241011313,0.0307271823220029,3.07271823220029e-05,-0.007018231089679754,-0.007048958272001756,-0.011030580350000001
2024-07-05,0.08317269649392238,0.9168273035060777,0.025848520595053624,2.5848520595053625e-05,-0.0027159699294205092,-0.002741818450015563,0.0015061746999999997
2024-07-08,0.23147521650098232,0.7685247834990176,0.14830252000705996,0.00014830252000705996,-0.009509793837074372,-0.009658096357081432,-0.01212127155
2024-07-09,0.23147521650098232,0.7685247834990176,0.0,0.0,0.012605472208480205,0.012605472208480205,0.015014584650000001
2024-07-10,0.3100255188723876,0.6899744811276124,0.07855030237140528,7.855030237140528e-05,-0.016061962143041654,-0.01614051244541306,-0.0134877466
2024-07-11,0.6899744811276125,0.3100255188723875,0.3799489622552249,0.0003799489622552249,0.014201807765175257,0.013821858802920032,0.010815044199999999
2024-07-12,0.7685247834990178,0.23147521650098224,0.07855030237140526,7.855030237140526e-05,-0.004443461579525924,-0.004522011881897329,-0.00481489035
2024-07-15,0.8807970779778823,0.11920292202211769,0.11227229447886455,0.00011227229447886455,-0.005308827739748133,-0.005421100034226998,0.0007633425500000002
2024-07-16,0.6899744811276125,0.3100255188723875,0.1908225968502698,0.0001908225968502698,-9.44709215803985e-05,-0.0002852935184306683,-0.00196731035
2024-07-17,0.9608342772032357,0.039165722796764335,0.27085979607562316,0.00027085979607562315,-0.008460199947793578,-0.008731059743869202,-0.0076385128
2024-07-18,0.973403006423134,0.026596993576865957,0.012568729219898378,1.2568729219898379e-05,0.004269468861658342,0.004256900132438444,0.0028871033000000003
2024-07-19,0.9820137900379085,0.01798620996209155,0.008610783614774409,8.610783614774408e-06,-0.0012601709541924667,-0.0012687817378072412,-0.0040530192500000005
2024-07-22,0.9608342772032357,0.039165722796764335,0.021179512834672787,2.1179512834672787e-05,-0.0015599347288833736,-0.0015811142417180464,-0.0052421289
2024-07-23,0.9820137900379085,0.01798620996209155,0.021179512834672787,2.1179512834672787e-05,-0.029118345514366185,-0.02913952502720086,-0.0209167945
2024-07-24,0.9820137900379085,0.01798620996209155,0.0,0.0,-0.0114218070555246,-0.0114218070555246,-0.0069140808500000005
2024-07-25,0.973403006423134,0.026596993576865957,0.008610783614774409,8.610783614774408e-06,-0.0006087569705124233,-0.0006173677541271977,-0.0014796939500000001
2024-07-26,0.973403006423134,0.026596993576865957,0.0,0.0,0.014792315472060866,0.014792315472060866,0.0074844709
2024-07-29,0.9168273035060777,0.08317269649392234,0.05657570291705638,5.657570291705638e-05,-0.005250678271455523,-0.00530725397437258,-0.00243229925
2024-07-30,0.8807970779778823,0.11920292202211769,0.03603022552819535,3.603022552819535e-05,-0.002539780613317038,-0.0025758108388452333,-0.00416601905
2024-07-31,0.8807970779778823,0.11920292202211769,0.0,0.0,0.03695984150606004,0.03695984150606004,0.027818776499999996
2024-08-01,0.8807970779778823,0.11920292202211769,0.0,0.0,-0.0062380917848864305,-0.0062380917848864305,-0.0043034913
2024-08-02,0.3100255188723876,0.6899744811276124,0.5707715591054947,0.0005707715591054947,-0.005874227521708207,-0.006444999080813702,-0.0079081439
2024-08-05,0.401312339887548,0.598687660112452,0.09128682101516039,9.128682101516039e-05,-0.01484143381077625,-0.01493272063179141,-0.01565720325
2024-08-06,0.7685247834990178,0.23147521650098224,0.36721244361146976,0.0003672124436114698,0.008594219088326568,0.0082270066447151,0.0044945266499999996
2024-08-07,0.11920292202211755,0.8807970779778824,0.6493218614769002,0.0006493218614769002,0.002407181015539412,0.001757859154062512,0.0014724784499999999
2024-08-08,0.3100255188723876,0.6899744811276124,0.19082259685027006,0.00019082259685027005,0.0034847993496993027,0.003293976752849033,0.0027497822499999995
2024-08-09,0.039165722796764356,0.9608342772032357,0.27085979607562327,0.00027085979607562326,-0.004318623799775469,-0.004589483595851092,-0.00582792145
2024-08-12,0.039165722796764356,0.9608342772032357,0.0,0.0,0.005311182857660816,0.005311182857660816,0.0021387702
2024-08-13,0.026596993576865856,0.9734030064231342,0.0125687292198985,1.25687292198985e-05,0.0015816781396004813,0.0015691094103805828,0.0026360718500000003
2024-08-14,0.039165722796764356,0.9608342772032357,0.0125687292198985,1.25687292198985e-05,-0.004839860282402088,-0.0048524290116219865,-0.0090828694
2024-08-15,0.026596993576865856,0.9734030064231342,0.0125687292198985,1.25687292198985e-05,0.00889691318812507,0.008884344458905171,0.007831858300000001
2024-08-16,0.026596993576865856,0.9734030064231342,0.0,0.0,-9.750835085086805e-05,-9.750835085086805e-05,-0.0029480183
2024-08-19,0.026596993576865856,0.9734030064231342,0.0,0.0,0.008279609469708632,0.008279609469708632,0.00556331235
2024-08-20,0.026596993576865856,0.9734030064231342,0.0,0.0,-0.011653448410113652,-0.011653448410113652,-0.01439314745
2024-08-21,0.039165722796764356,0.9608342772032357,0.0125687292198985,1.25687292198985e-05,-0.007679975276119456,-0.007692544005339354,-0.0055481019
2024-08-22,0.057324175898868755,0.9426758241011313,0.0181584531021044,1.81584531021044e-05,-0.002160839521094082,-0.002178997974196186,-0.00664887565
2024-08-23,0.039165722796764356,0.9608342772032357,0.0181584531021044,1.81584531021044e-05,0.0010325646259886222,0.0010144061728865179,0.00093065025
2024-08-26,0.057324175898868755,0.9426758241011313,0.0181584531021044,1.81584531021044e-05,-0.0009699438852708713,-0.0009881023383729757,0.00023821989999999994
2024-08-27,0.5986876601124521,0.4013123398875479,0.5413634842135834,0.0005413634842135834,-0.006541348013482408,-0.007082711497695991,-0.0054943787
2024-08-28,0.5986876601124521,0.4013123398875479,0.0,0.0,-0.00145213549739424,-0.00145213549739424,-0.00206761385
2024-08-29,0.6899744811276125,0.3100255188723875,0.09128682101516039,9.128682101516039e-05,0.004381897797345786,0.004290610976330625,-0.000816185949999999
2024-08-30,0.9168273035060777,0.08317269649392234,0.22685282237846516,0.00022685282237846517,0.016626293813974936,0.016399440991596473,0.0106527138
2024-09-02,0.9168273035060777,0.08317269649392234,0.0,0.0,-0.017921544750888443,-0.017921544750888443,-0.008100517549999998
2024-09-03,0.8320183851339245,0.16798161486607555,0.08480891837215321,8.48089183721532e-05,0.007874005067395873,0.00778919614902372,0.0018767005999999998
2024-09-04,0.9426758241011313,0.057324175898868734,0.11065743896720681,0.00011065743896720682,-0.003027312282871897,-0.0031379697218391037,-0.0022159925
2024-09-05,0.5986876601124521,0.4013123398875479,0.34398816398867915,0.0003439881639886792,0.002526532626405176,0.002182544462416497,0.00212776075
2024-09-06,0.3100255188723876,0.6899744811276124,0.2886621412400645,0.00028866214124006453,-0.010944631281075725,-0.01123329342231579,-0.011739291800000001
2024-09-09,0.3100255188723876,0.6899744811276124,0.0,0.0,-0.013718618693424244,-0.013718618693424244,-0.0117780644
2024-09-10,0.9426758241011313,0.057324175898868734,0.6326503052287437,0.0006326503052287437,0.00015684065356698978,-0.00047580965166175385,0.0004757097
2024-09-11,0.9168273035060777,0.08317269649392234,0.025848520595053603,2.5848520595053605e-05,-0.00014831052535199256,-0.00017415904594704617,-0.0089057518
2024-09-12,0.973403006423134,0.026596993576865957,0.05657570291705638,5.657570291705638e-05,-0.003872087569512932,-0.003928663272429988,-0.00055366055
2024-09-13,0.8807970779778823,0.11920292202211769,0.09260592844525173,9.260592844525174e-05,-0.009476605800294852,-0.009569211728740104,-0.0073305496500000004
2024-09-18,0.8320183851339245,0.16798161486607555,0.04877869284395786,4.8778692843957864e-05,0.004154559274489098,0.00410578058164514,0.0070766738
2024-09-19,0.11920292202211755,0.8807970779778824,0.7128154631118069,0.0007128154631118069,0.004294726378994266,0.003581910915882459,0.00801048985
2024-09-20,0.16798161486607552,0.8320183851339245,0.04877869284395797,4.877869284395797e-05,-0.0017886165051988357,-0.0018373951980427937,-0.0030173194
2024-09-23,0.23147521650098232,0.7685247834990176,0.0634936016349068,6.349360163490681e-05,0.007982450502245247,0.007918956900610341,0.0049057909
2024-09-24,0.026596993576865856,0.9734030064231342,0.20487822292411648,0.00020487822292411648,0.044774244009518585,0.04456936578659447,0.04408849225
2024-09-25,0.026596993576865856,0.9734030064231342,0.0,0.0,0.013408134544629878,0.013408134544629878,0.01123035105
2024-09-26,0.026596993576865856,0.9734030064231342,0.0,0.0,0.036530023714067626,0.036530023714067626,0.04001118955
2024-09-27,0.026596993576865856,0.9734030064231342,0.0,0.0,0.01558451738604431,0.01558451738604431,0.033954226
2024-09-30,0.039165722796764356,0.9608342772032357,0.0125687292198985,1.25687292198985e-05,0.06568295617312074,0.06567038744390084,0.08411384529999999
2024-10-08,0.026596993576865856,0.9734030064231342,0.0125687292198985,1.25687292198985e-05,0.011190431507852119,0.01117786277863222,0.04066732185
2024-10-09,0.08317269649392238,0.9168273035060777,0.05657570291705652,5.6575702917056524e-05,-0.0757561980665145,-0.07581277376943156,-0.0723304441
2024-10-10,0.23147521650098232,0.7685247834990176,0.14830252000705996,0.00014830252000705996,0.02204481829358984,0.02189651577358278,0.011615685299999998
2024-10-11,0.08317269649392238,0.9168273035060777,0.14830252000705996,0.00014830252000705996,-0.019301480558508506,-0.019449783078515567,-0.0281074026
2024-10-14,0.11920292202211755,0.8807970779778824,0.03603022552819517,3.603022552819517e-05,0.026129144358553583,0.026093114133025386,0.0256859731
2024-10-15,0.08317269649392238,0.9168273035060777,0.03603022552819517,3.603022552819517e-05,-0.022431794093669116,-0.022467824319197312,-0.023225616100000002
2024-10-16,0.23147521650098232,0.7685247834990176,0.14830252000705996,0.00014830252000705996,0.010027437385212688,0.009879134865205629,0.0057913574499999995
2024-10-17,0.11920292202211755,0.8807970779778824,0.11227229447886478,0.00011227229447886478,-0.015627845854232394,-0.01574011814871126,-0.012204262649999999
2024-10-18,0.5986876601124521,0.4013123398875479,0.47948473809033454,0.00047948473809033453,0.027897346695375976,0.02741786195728564,0.02472729395
2024-10-21,0.7685247834990178,0.23147521650098224,0.16983712338656565,0.00016983712338656566,0.007253026576951364,0.007083189453564799,0.0024610174999999995
2024-10-22,0.8320183851339245,0.16798161486607555,0.0634936016349067,6.34936016349067e-05,0.008326032919009057,0.00826253931737415,0.007587593850000001
2024-10-23,0.8320183851339245,0.16798161486607555,0.0,0.0,0.0035415672343450107,0.0035415672343450107,0.0028010742
2024-10-24,0.9168273035060777,0.08317269649392234,0.08480891837215321,8.48089183721532e-05,-0.008313688426264332,-0.008398497344636486,-0.006877072200000001
2024-10-25,0.8807970779778823,0.11920292202211769,0.03603022552819535,3.603022552819535e-05,0.012873402629344619,0.012837372403816423,0.00770698515
2024-10-28,0.8320183851339245,0.16798161486607555,0.04877869284395786,4.8778692843957864e-05,0.012271591054698607,0.012222812361854648,0.011339997800000001
2024-10-29,0.8320183851339245,0.16798161486607555,0.0,0.0,-0.012632414738572828,-0.012632414738572828,-0.013685183049999999
2024-10-30,0.9426758241011313,0.057324175898868734,0.11065743896720681,0.00011065743896720682,0.0036228058406990414,0.0035121484017318345,-0.0021531813
2024-10-31,0.973403006423134,0.026596993576865957,0.030727182322002777,3.072718232200278e-05,0.010463389906282212,0.01043266272396021,0.0035362832999999995
2024-11-01,0.973403006423134,0.026596993576865957,0.0,0.0,-0.011253656289923211,-0.011253656289923211,-0.0020314885
2024-11-04,0.5986876601124521,0.4013123398875479,0.37471534631068193,0.0003747153463106819,0.013420471859475322,0.01304575651316464,0.0126268405
2024-11-05,0.23147521650098232,0.7685247834990176,0.36721244361146976,0.0003672124436114698,0.017005398525782745,0.016638186082171276,0.021851898800000002
2024-11-06,0.11920292202211755,0.8807970779778824,0.11227229447886478,0.00011227229447886478,-0.002956993637341603,-0.003069265931820468,-0.000701303
2024-11-07,0.401312339887548,0.598687660112452,0.2821094178654304,0.0002821094178654304,0.019415454253996708,0.01913334483613128,0.0192765508
2024-11-08,0.026596993576865856,0.9734030064231342,0.37471534631068215,0.00037471534631068214,-0.013292205079451018,-0.013666920425761701,-0.00816169995
2024-11-11,0.08317269649392238,0.9168273035060777,0.05657570291705652,5.6575702917056524e-05,-0.005153437250690875,-0.005210012953607931,0.005092949
2024-11-12,0.3100255188723876,0.6899744811276124,0.2268528223784652,0.00022685282237846523,-0.006877289264147728,-0.007104142086526193,-0.0078860905
2024-11-13,0.11920292202211755,0.8807970779778824,0.19082259685027006,0.00019082259685027005,0.003465924674865991,0.0032751020780157213,0.0016885287999999997
2024-11-14,0.039165722796764356,0.9608342772032357,0.08003719922535318,8.003719922535318e-05,-0.013539902059669656,-0.013619939258895009,-0.020954911249999996
2024-11-15,0.057324175898868755,0.9426758241011313,0.0181584531021044,1.81584531021044e-05,-0.004288222780864848,-0.004306381233966952,-0.01415838285
2024-11-18,0.026596993576865856,0.9734030064231342,0.0307271823220029,3.07271823220029e-05,0.015648301154432914,0.015617573972110912,0.0005310437499999999
2024-11-19,0.026596993576865856,0.9734030064231342,0.0,0.0,0.0012785016668456816,0.0012785016668456816,0.00929166365
2024-11-20,0.039165722796764356,0.9608342772032357,0.0125687292198985,1.25687292198985e-05,0.0032351119697161244,0.003222543240496226,0.00619068445
2024-11-21,0.08317269649392238,0.9168273035060777,0.044006973697158024,4.400697369715802e-05,-0.000872321191058604,-0.000916328164755762,-0.00101270375
2024-11-22,0.11920292202211755,0.8807970779778824,0.03603022552819517,3.603022552819517e-05,-0.028684438247442882,-0.028720468472971078,-0.03326264305
2024-11-25,0.3100255188723876,0.6899744811276124,0.19082259685027006,0.00019082259685027005,0.00028806358671503785,9.72409898647678e-05,-0.0004901611000000001
2024-11-26,0.5986876601124521,0.4013123398875479,0.2886621412400645,0.00028866214124006453,-0.0045623934344110615,-0.004851055575651126,-0.00374770275
2024-11-27,0.9426758241011313,0.057324175898868734,0.34398816398867915,0.0003439881639886792,0.019583398404904397,0.019239410240915716,0.0154868696
2024-11-28,0.9608342772032357,0.039165722796764335,0.0181584531021044,1.81584531021044e-05,-0.007995944879366147,-0.008014103332468252,-0.00612235165
2024-11-29,0.9820137900379085,0.01798620996209155,0.021179512834672787,2.1179512834672787e-05,0.016204444074504748,0.016183264561670074,0.01134811065
2024-12-02,0.973403006423134,0.026596993576865957,0.008610783614774409,8.610783614774408e-06,0.015390858144303698,0.015382247360688923,0.010464584800000001
2024-12-03,0.9820137900379085,0.01798620996209155,0.008610783614774409,8.610783614774408e-06,-0.0017172018813339986,-0.001725812664948773,0.00413260255
2024-12-04,0.973403006423134,0.026596993576865957,0.008610783614774409,8.610783614774408e-06,-0.00863336905270171,-0.008641979836316484,-0.0037215701
2024-12-05,0.6899744811276125,0.3100255188723875,0.28342852529552154,0.00028342852529552156,0.0021498958207294173,0.0018664672954338958,0.0010996577500000002
2024-12-06,0.9168273035060777,0.08317269649392234,0.22685282237846516,0.00022685282237846517,0.013131672354929262,0.012904819532550797,0.01337948865
2024-12-09,0.7685247834990178,0.23147521650098224,0.1483025200070599,0.0001483025200070599,-0.0037450760527260817,-0.0038933785727331416,-0.0018639861000000002
2024-12-10,0.9168273035060777,0.08317269649392234,0.1483025200070599,0.0001483025200070599,0.00695156848580346,0.0068032659657964,0.00388158225
2024-12-11,0.7685247834990178,0.23147521650098224,0.1483025200070599,0.0001483025200070599,0.00821781770293859,0.00806951518293153,0.00710087885
2024-12-12,0.8320183851339245,0.16798161486607555,0.0634936016349067,6.34936016349067e-05,0.00798973635737088,0.007926242755735974,0.0063637309
2024-12-13,0.401312339887548,0.598687660112452,0.43070604524637646,0.00043070604524637646,-0.017846045807390944,-0.01827675185263732,-0.017933448050000002
2024-12-16,0.7685247834990178,0.23147521650098224,0.36721244361146976,0.0003672124436114698,-0.007776557321175941,-0.00814376976478741,-0.0021349528
2024-12-17,0.23147521650098232,0.7685247834990176,0.5370495669980354,0.0005370495669980354,-0.00529623021556985,-0.005833279782567886,-0.007253686200000001
2024-12-18,0.23147521650098232,0.7685247834990176,0.0,0.0,0.006367414699900943,0.006367414699900943,0.00655954045
2024-12-19,0.16798161486607552,0.8320183851339245,0.0634936016349068,6.349360163490681e-05,-0.007625821992020534,-0.007689315593655441,-0.00368147555
2024-12-20,0.401312339887548,0.598687660112452,0.23333072502147248,0.00023333072502147248,-0.003947897518744508,-0.004181228243765981,-0.0028709268999999996
2024-12-23,0.6899744811276125,0.3100255188723875,0.2886621412400645,0.00028866214124006453,-0.011346306861846536,-0.0116349690030866,-0.00808567995
2024-12-24,0.6899744811276125,0.3100255188723875,0.0,0.0,0.012652258986594708,0.012652258986594708,0.012326768850000001
2024-12-25,0.039165722796764356,0.9608342772032357,0.6508087583308482,0.0006508087583308482,0.0033696059166057795,0.002718797158274931,-0.00271874775
2024-12-26,0.026596993576865856,0.9734030064231342,0.0125687292198985,1.25687292198985e-05,-0.0042787477097551005,-0.004291316438974999,0.00169698
2024-12-27,0.039165722796764356,0.9608342772032357,0.0125687292198985,1.25687292198985e-05,0.0021210392155232,0.0021084704863033013,0.0020900247
2024-12-30,0.08317269649392238,0.9168273035060777,0.044006973697158024,4.400697369715802e-05,0.011029478843087321,0.010985471869390162,0.005993253400000001
2024-12-31,0.057324175898868755,0.9426758241011313,0.025848520595053624,2.5848520595053625e-05,-0.006855560215887553,-0.006881408736482606,-0.01742037675
2025-01-02,0.08317269649392238,0.9168273035060777,0.025848520595053624,2.5848520595053625e-05,-0.020896003572210296,-0.02092185209280535,-0.02568163565
2025-01-03,0.16798161486607552,0.8320183851339245,0.08480891837215314,8.480891837215314e-05,-0.01053858758545496,-0.010623396503827114,-0.014824845
2025-01-06,0.9168273035060777,0.08317269649392234,0.7488456886400021,0.0007488456886400022,0.00018555971033345492,-0.0005632859783065473,0.0017649703
2025-01-07,0.3100255188723876,0.6899744811276124,0.6068017846336901,0.0006068017846336901,0.0013083752356090196,0.0007015734509753295,0.0038695678
2025-01-08,0.11920292202211755,0.8807970779778824,0.19082259685027006,0.00019082259685027005,-0.0025024865276785744,-0.0026933091245288443,-0.00324133655
2025-01-09,0.11920292202211755,0.8807970779778824,0.0,0.0,-0.013129031915584366,-0.013129031915584366,-0.00784870455
2025-01-10,0.9168273035060777,0.08317269649392234,0.7976243814839601,0.0007976243814839601,-0.015924198735984146,-0.016721823117468105,-0.015544479899999998
2025-01-13,0.9820137900379085,0.01798620996209155,0.06518648653183079,6.51864865318308e-05,0.0021314778379685987,0.0020662913514367678,-0.00271893665
2025-01-14,0.9820137900379085,0.01798620996209155,0.0,0.0,0.03510540354368752,0.03510540354368752,0.02689820675
2025-01-15,0.9820137900379085,0.01798620996209155,0.0,0.0,-0.008772709578158488,-0.008772709578158488,-0.00430349425
2025-01-16,0.973403006423134,0.026596993576865957,0.008610783614774409,8.610783614774408e-06,0.0043003057771967,0.0042916949935819255,0.0061492438500000005
2025-01-17,0.9608342772032357,0.039165722796764335,0.012568729219898378,1.2568729219898379e-05,0.007106647478435161,0.007094078749215263,0.0023339782999999997
2025-01-20,0.973403006423134,0.026596993576865957,0.012568729219898378,1.2568729219898379e-05,0.004652773463205246,0.0046402047339853475,0.0013371977499999999
2025-01-21,0.8807970779778823,0.11920292202211769,0.09260592844525173,9.260592844525174e-05,0.0023356239980337427,0.002243018069588491,-0.0013519398500000002
2025-01-22,0.9608342772032357,0.039165722796764335,0.08003719922535335,8.003719922535336e-05,-0.004973911667173325,-0.0050539488663986784,-0.007390570350000001
2025-01-23,0.9820137900379085,0.01798620996209155,0.021179512834672787,2.1179512834672787e-05,-0.003811029524020818,-0.003832209036855491,0.0030520387499999996
2025-01-24,0.9608342772032357,0.039165722796764335,0.021179512834672787,2.1179512834672787e-05,0.01155664368338126,0.011535464170546588,0.00911172185
2025-01-27,0.8320183851339245,0.16798161486607555,0.1288158920693112,0.00012881589206931122,-0.006799022635634826,-0.006927838527704138,0.0009647519500000001
2025-02-05,0.5,0.5,0.33201838513392445,0.0003320183851339245,-0.0076132540500000005,-0.007945272435133925,-0.0076132540500000005
2025-02-06,0.973403006423134,0.026596993576865957,0.47340300642313404,0.00047340300642313406,0.023169984776225023,0.02269658176980189,0.01229997625
2025-02-07,0.9820137900379085,0.01798620996209155,0.008610783614774409,8.610783614774408e-06,0.01482875606369237,0.014820145280077595,0.0108523003
2025-02-10,0.9820137900379085,0.01798620996209155,0.0,0.0,0.00916381556418748,0.00916381556418748,0.004106215450000001
2025-02-11,0.9820137900379085,0.01798620996209155,0.0,0.0,-0.00497991898012549,-0.00497991898012549,-0.0006751133499999998
2025-02-12,0.9820137900379085,0.01798620996209155,0.0,0.0,0.01379138860698171,0.01379138860698171,0.0071327593
2025-02-13,0.9820137900379085,0.01798620996209155,0.0,0.0,-0.006980732859521063,-0.006980732859521063,-0.00337379335
2025-02-14,0.973403006423134,0.026596993576865957,0.008610783614774409,8.610783614774408e-06,0.008226625836145574,0.0082180150525308,0.0051723834
2025-02-17,0.973403006423134,0.026596993576865957,0.0,0.0,3.9287055598241795e-05,3.9287055598241795e-05,-0.0020256623000000002
2025-02-18,0.9820137900379085,0.01798620996209155,0.008610783614774409,8.610783614774408e-06,-0.01789048519683488,-0.017899095980449652,-0.0107589645
2025-02-19,0.7685247834990178,0.23147521650098224,0.2134890065388907,0.0002134890065388907,0.012925234068759943,0.012711745062221053,0.007427834149999999
2025-02-20,0.9820137900379085,0.01798620996209155,0.2134890065388907,0.0002134890065388907,0.002214565623805453,0.002001076617266562,-4.4657399999999956e-05
2025-02-21,0.9820137900379085,0.01798620996209155,0.0,0.0,0.016288442105438627,0.016288442105438627,0.005136385050000001
2025-02-24,0.9820137900379085,0.01798620996209155,0.0,0.0,-0.0019451733397913421,-0.0019451733397913421,-0.00057466435
2025-02-25,0.973403006423134,0.026596993576865957,0.008610783614774409,8.610783614774408e-06,-0.010644053100130328,-0.010652663883745103,-0.00868691735
2025-02-26,0.9168273035060777,0.08317269649392234,0.05657570291705638,5.657570291705638e-05,0.01204722298472909,0.011990647281812034,0.01227113265
2025-02-27,0.8807970779778823,0.11920292202211769,0.03603022552819535,3.603022552819535e-05,-0.001993995089842492,-0.0020300253153706874,0.0036475344499999995
2025-02-28,0.6899744811276125,0.3100255188723875,0.1908225968502698,0.0001908225968502698,-0.02161480805845947,-0.02180563065530974,-0.01767133425
2025-03-03,0.8320183851339245,0.16798161486607555,0.14204390400631195,0.00014204390400631196,0.0034692441435014098,0.003327200239495098,0.00159067665
2025-03-04,0.5986876601124521,0.4013123398875479,0.23333072502147234,0.00023333072502147235,0.005314112994209062,0.00508078226918759,0.00445414
2025-03-05,0.7685247834990178,0.23147521650098224,0.16983712338656565,0.00016983712338656566,0.002789256278611683,0.0026194191552251175,0.0034707935
2025-03-06,0.9426758241011313,0.057324175898868734,0.1741510406021135,0.00017415104060211352,0.015363700367179843,0.01518954932657773,0.00803786475
2025-03-07,0.973403006423134,0.026596993576865957,0.030727182322002777,3.072718232200278e-05,-0.005436160979260189,-0.005466888161582192,-0.00213392955
2025-03-10,0.7685247834990178,0.23147521650098224,0.20487822292411628,0.00020487822292411629,0.0006587801158284444,0.0004539018929043281,0.0014530188
2025-03-11,0.11920292202211755,0.8807970779778824,0.6493218614769002,0.0006493218614769002,0.0062325358872426136,0.005583214025765714,0.00579219635
2025-03-12,0.057324175898868755,0.9426758241011313,0.06187874612324879,6.187874612324879e-05,-0.0038341437754021456,-0.0038960225215253943,-0.0023814927
2025-03-13,0.039165722796764356,0.9608342772032357,0.0181584531021044,1.81584531021044e-05,0.006417260078548825,0.00639910162544672,-0.0003550481999999999
2025-03-14,0.026596993576865856,0.9734030064231342,0.0125687292198985,1.25687292198985e-05,0.007875388007349859,0.00786281927812996,0.012647036
2025-03-17,0.026596993576865856,0.9734030064231342,0.0,0.0,0.003628585625781945,0.003628585625781945,0.00250461455
2025-03-18,0.026596993576865856,0.9734030064231342,0.0,0.0,-0.001560399845409442,-0.001560399845409442,0.0012116837
2025-03-19,0.026596993576865856,0.9734030064231342,0.0,0.0,0.0013300884170380756,0.0013300884170380756,-0.0018435010000000002
2025-03-20,0.039165722796764356,0.9608342772032357,0.0125687292198985,1.25687292198985e-05,-0.0029156641479866864,-0.002928232877206585,-0.0048149211
2025-03-21,0.08317269649392238,0.9168273035060777,0.044006973697158024,4.400697369715802e-05,-0.005104865789125085,-0.0051488727628222425,-0.0093532567
2025-03-24,0.11920292202211755,0.8807970779778824,0.03603022552819517,3.603022552819517e-05,0.004873795706096181,0.0048377654805679855,0.0025602789000000003
2025-03-25,0.039165722796764356,0.9608342772032357,0.08003719922535318,8.003719922535318e-05,0.005944765387524655,0.005864728188299302,0.00131555415
2025-03-26,0.026596993576865856,0.9734030064231342,0.0125687292198985,1.25687292198985e-05,-0.0013491330947232325,-0.001361701823943131,-0.0005664364
2025-03-27,0.026596993576865856,0.9734030064231342,0.0,0.0,-0.0008730901190365263,-0.0008730901190365263,0.00029577935
2025-03-28,0.026596993576865856,0.9734030064231342,0.0,0.0,-0.007253175423674727,-0.007253175423674727,-0.00711919655
2025-03-31,0.08317269649392238,0.9168273035060777,0.05657570291705652,5.6575702917056524e-05,-0.005622288451223288,-0.005678864154140345,-0.0075433337
2025-04-01,0.16798161486607552,0.8320183851339245,0.08480891837215314,8.480891837215314e-05,0.009086625326169611,0.009001816407797458,0.00785023345
2025-04-02,0.5986876601124521,0.4013123398875479,0.43070604524637657,0.00043070604524637657,0.002090743973889113,0.0016600379286427363,0.002344639
2025-04-03,0.039165722796764356,0.9608342772032357,0.5595219373156878,0.0005595219373156877,0.0009436838389200883,0.00038416190160440056,-0.0038653518
2025-04-07,0.026596993576865856,0.9734030064231342,0.0125687292198985,1.25687292198985e-05,-0.06748309489097551,-0.0674956636201954,-0.08112754735
2025-04-08,0.8807970779778823,0.11920292202211769,0.8542000844010165,0.0008542000844010165,0.009689872071072114,0.008835671986671097,0.016547747749999998
2025-04-09,0.16798161486607552,0.8320183851339245,0.7128154631118068,0.0007128154631118068,0.006037524588269956,0.005324709125158149,0.01208266995
2025-04-10,0.401312339887548,0.598687660112452,0.23333072502147248,0.00023333072502147248,0.013354925372828634,0.013121594647807162,0.0143138633
2025-04-11,0.23147521650098232,0.7685247834990176,0.16983712338656567,0.0001698371233865657,-0.001904995112736721,-0.0020748322361232867,0.0011084573
2025-04-14,0.6899744811276125,0.3100255188723875,0.45849926462663015,0.00045849926462663014,0.008440938130989983,0.007982438866363352,0.0085828371
2025-04-15,0.401312339887548,0.598687660112452,0.2886621412400645,0.00028866214124006453,0.0011171112518437876,0.0008284491106037231,0.00021223779999999997
2025-04-16,0.057324175898868755,0.9426758241011313,0.34398816398867926,0.0003439881639886793,0.0038181525059356397,0.0034741643419469604,-0.0018027984500000001
2025-04-17,0.057324175898868755,0.9426758241011313,0.0,0.0,-0.0019470499739810021,-0.0019470499739810021,-0.0010203617
2025-04-18,0.026596993576865856,0.9734030064231342,0.0307271823220029,3.07271823220029e-05,0.00038674351414642654,0.00035601633182442364,0.0005233644500000001
2025-04-21,0.026596993576865856,0.9734030064231342,0.0,0.0,-0.0009310623173210752,-0.0009310623173210752,0.0066636783
2025-04-22,0.026596993576865856,0.9734030064231342,0.0,0.0,0.003689836254592958,0.003689836254592958,0.00032905775
2025-04-23,0.026596993576865856,0.9734030064231342,0.0,0.0,-0.004285440538936091,-0.004285440538936091,-0.0012725811
2025-04-24,0.039165722796764356,0.9608342772032357,0.0125687292198985,1.25687292198985e-05,0.004959939884835443,0.004947371155615545,0.00010684130000000015
2025-04-25,0.08317269649392238,0.9168273035060777,0.044006973697158024,4.400697369715802e-05,-0.0011147432197426727,-0.0011587501934398306,0.00111957555
2025-04-28,0.401312339887548,0.598687660112452,0.3181396433936256,0.0003181396433936256,-0.0021599971273624998,-0.0024781367707561253,-0.00265009565
2025-04-29,0.401312339887548,0.598687660112452,0.0,0.0,-0.0010970246333168441,-0.0010970246333168441,-0.00072154415
2025-04-30,0.5,0.5,0.098687660112452,9.8687660112452e-05,-0.0008959421000000003,-0.0009946297601124523,-0.0008959421000000003
2025-05-06,0.8320183851339245,0.16798161486607555,0.33201838513392445,0.0003320183851339245,0.016454859930621304,0.01612284154548738,0.010896433700000001
2025-05-07,0.9168273035060777,0.08317269649392234,0.08480891837215321,8.48089183721532e-05,0.0021532195904854206,0.0020684106721132675,0.00425106635
2025-05-08,0.5986876601124521,0.4013123398875479,0.31813964339362555,0.00031813964339362554,0.0026435413685997073,0.0023254017252060818,0.00228801855
2025-05-09,0.7685247834990178,0.23147521650098224,0.16983712338656565,0.00016983712338656566,-0.005743211336901744,-0.00591304846028831,-0.0019412670999999998
2025-05-12,0.401312339887548,0.598687660112452,0.36721244361146976,0.0003672124436114698,0.007118475010146431,0.006751262566534961,0.008017961300000001
2025-05-13,0.8807970779778823,0.11920292202211769,0.4794847380903343,0.0004794847380903343,-0.0009919013810786555,-0.0014713861191689899,0.00245933485
2025-05-14,0.16798161486607552,0.8320183851339245,0.7128154631118068,0.0007128154631118068,0.005202861513953273,0.004490046050841466,0.0043311078
2025-05-15,0.3100255188723876,0.6899744811276124,0.1420439040063121,0.0001420439040063121,-0.007313894015503093,-0.007455937919509405,-0.0092799153
2025-05-16,0.401312339887548,0.598687660112452,0.09128682101516039,9.128682101516039e-05,-0.003287190982382883,-0.0033784778033980434,-0.0027293953500000002
2025-05-19,0.973403006423134,0.026596993576865957,0.572090666535586,0.0005720906665355861,0.0009129477405075017,0.0003408570739719156,0.0017614216999999998
2025-05-20,0.8807970779778823,0.11920292202211769,0.09260592844525173,9.260592844525174e-05,0.004437505046967673,0.004344899118522421,0.0037752108500000003
2025-05-21,0.9168273035060777,0.08317269649392234,0.03603022552819535,3.603022552819535e-05,0.0023195375827954182,0.002283507357267223,0.0047399216
2025-05-22,0.16798161486607552,0.8320183851339245,0.7488456886400021,0.0007488456886400022,-0.0030601896742541747,-0.003809035362894177,-0.005626024699999999
2025-05-23,0.11920292202211755,0.8807970779778824,0.04877869284395797,4.877869284395797e-05,-0.009712677212493987,-0.009761455905337946,-0.009321678199999999
2025-05-26,0.973403006423134,0.026596993576865957,0.8542000844010165,0.0008542000844010165,0.0026472550152446326,0.0017930549308436163,-0.0019252916499999998
2025-05-27,0.9820137900379085,0.01798620996209155,0.008610783614774409,8.610783614774408e-06,-0.003045986661154126,-0.0030545974447689,-0.00282666735
2025-05-28,0.9820137900379085,0.01798620996209155,0.0,0.0,-0.0025327074819331873,-0.0025327074819331873,0.00027595130000000024
2025-05-29,0.9608342772032357,0.039165722796764335,0.021179512834672787,2.1179512834672787e-05,0.01416053904522032,0.014139359532385648,0.008220310049999999
2025-05-30,0.9426758241011313,0.057324175898868734,0.0181584531021044,1.81584531021044e-05,-0.007994663631001653,-0.008012822084103758,-0.0037972143000000002
2025-06-03,0.8807970779778823,0.11920292202211769,0.06187874612324895,6.187874612324895e-05,0.004126679280929683,0.004064800534806434,0.0039219170000000005
2025-06-04,0.9168273035060777,0.08317269649392234,0.03603022552819535,3.603022552819535e-05,0.0073416583200795246,0.007305628094551329,0.0052667917499999994
2025-06-05,0.9608342772032357,0.039165722796764335,0.044006973697158,4.4006973697158e-05,0.004959436812396165,0.004915429838699008,-0.00016503035
2025-06-06,0.9820137900379085,0.01798620996209155,0.021179512834672787,2.1179512834672787e-05,-0.0013467094732449714,-0.0013678889860796442,-0.0007929353500000002
2025-06-09,0.11920292202211755,0.8807970779778824,0.8628108680157909,0.0008628108680157909,0.002611235638067626,0.0017484247700518352,0.004751886449999999
2025-06-10,0.9426758241011313,0.057324175898868734,0.8234729020790137,0.0008234729020790137,-0.007784232791080342,-0.008607705693159357,-0.00449927605
2025-06-11,0.6899744811276125,0.3100255188723875,0.25270134297351876,0.00025270134297351876,0.00514953435347743,0.004896833010503912,0.0045851503
2025-06-12,0.8807970779778823,0.11920292202211769,0.1908225968502698,0.0001908225968502698,0.0010647262396735401,0.0008739036428232703,0.0006138609
2025-06-13,0.5,0.5,0.3807970779778823,0.00038079707797788234,-0.010198712350000002,-0.010579509427977883,-0.010198712350000002
2025-06-16,0.973403006423134,0.026596993576865957,0.47340300642313404,0.00047340300642313406,0.0047353273831126095,0.004261924376689475,0.0035363073499999997
2025-06-17,0.9820137900379085,0.01798620996209155,0.008610783614774409,8.610783614774408e-06,-0.0028852419497627695,-0.0028938527333775437,-0.00170239375
2025-06-18,0.9820137900379085,0.01798620996209155,0.0,0.0,-0.0008808787003618931,-0.0008808787003618931,-0.0009976396
2025-06-19,0.973403006423134,0.026596993576865957,0.008610783614774409,8.610783614774408e-06,-0.011868726327841677,-0.011877337111456452,-0.009255720299999999
2025-06-20,0.9820137900379085,0.01798620996209155,0.008610783614774409,8.610783614774408e-06,-0.006425667696187763,-0.006434278479802538,-0.00245423495
2025-06-23,0.9168273035060777,0.08317269649392234,0.06518648653183079,6.51864865318308e-05,0.005845962871042406,0.005780776384510576,0.0043450081
2025-06-24,0.9426758241011313,0.057324175898868734,0.025848520595053603,2.5848520595053605e-05,0.015412611430969331,0.015386762910374278,0.00967872555
2025-06-25,0.9168273035060777,0.08317269649392234,0.025848520595053603,2.5848520595053605e-05,0.015661652862591198,0.015635804341996143,0.0100875092
2025-06-26,0.9820137900379085,0.01798620996209155,0.06518648653183079,6.51864865318308e-05,-0.004066696064435887,-0.0041318825509677175,-0.001935228
2025-06-27,0.9608342772032357,0.039165722796764335,0.021179512834672787,2.1179512834672787e-05,0.003988807670626354,0.003967628157791682,-0.0004352707
2025-06-30,0.9820137900379085,0.01798620996209155,0.021179512834672787,2.1179512834672787e-05,0.008631812914641056,0.008610633401806385,0.0038567702000000003
2025-07-01,0.9820137900379085,0.01798620996209155,0.0,0.0,0.003347574026987814,0.003347574026987814,0.00570246575
2025-07-02,0.6899744811276125,0.3100255188723875,0.29203930891029595,0.00029203930891029596,-0.0026255064376521837,-0.0029175457465624795,7.331009999999971e-05
2025-07-03,0.16798161486607552,0.8320183851339245,0.521992866261537,0.000521992866261537,0.0007958440701064082,0.0002738512038448712,0.00249009335
2025-07-04,0.401312339887548,0.598687660112452,0.23333072502147248,0.00023333072502147248,0.002269974178488066,0.0020366434534665936,0.0015833821000000004
2025-07-07,0.16798161486607552,0.8320183851339245,0.23333072502147248,0.00023333072502147248,0.00332484985410321,0.0030915191290817375,0.0012535089999999999
2025-07-08,0.23147521650098232,0.7685247834990176,0.0634936016349068,6.349360163490681e-05,0.0026558868416721093,0.0025923932400372025,0.006307623899999999
2025-07-09,0.5,0.5,0.26852478349901765,0.00026852478349901764,-0.00040804519999999985,-0.0006765699834990175,-0.00040804519999999985
2025-07-10,0.7685247834990178,0.23147521650098224,0.26852478349901776,0.00026852478349901775,0.00525659055083365,0.004988065767334632,0.00559400765
2025-07-11,0.7685247834990178,0.23147521650098224,0.0,0.0,0.0039614315675975805,0.0039614315675975805,2.022199999999974e-05
2025-07-14,0.9608342772032357,0.039165722796764335,0.1923094937042179,0.0001923094937042179,-0.0007995838273210005,-0.0009918933210252183,0.00193597365
2025-07-15,0.5986876601124521,0.4013123398875479,0.36214661709078355,0.00036214661709078357,-0.004873469288109918,-0.005235615905200702,-0.00598613625
2025-07-16,0.9820137900379085,0.01798620996209155,0.38332612992545634,0.0003833261299254563,-0.0003325053346228216,-0.000715831464548278,-0.002281268
2025-07-17,0.9820137900379085,0.01798620996209155,0.0,0.0,0.010636690838659505,0.010636690838659505,0.00499530435
2025-07-18,0.9820137900379085,0.01798620996209155,0.0,0.0,0.0028299994390409188,0.0028299994390409188,0.0031268323999999997
2025-07-21,0.973403006423134,0.026596993576865957,0.008610783614774409,8.610783614774408e-06,0.010179932449902592,0.010171321666287817,0.01133380205
2025-07-22,0.8807970779778823,0.11920292202211769,0.09260592844525173,9.260592844525174e-05,0.009409152855115366,0.009316546926670114,0.012454765599999999
2025-07-23,0.08317269649392238,0.9168273035060777,0.79762438148396,0.00079762438148396,-0.0035429087833627523,-0.004340533164846712,-0.00315041715
2025-07-24,0.11920292202211755,0.8807970779778824,0.03603022552819517,3.603022552819517e-05,0.005553556474358979,0.005517526248830783,0.00990890885
2025-07-25,0.3100255188723876,0.6899744811276124,0.19082259685027006,0.00019082259685027005,-0.004196450238072169,-0.004387272834922439,-0.0027788599
2025-07-28,0.6899744811276125,0.3100255188723875,0.3799489622552249,0.0003799489622552249,-0.000763595607403077,-0.001143544569658302,-0.0035493863
2025-07-29,0.9426758241011313,0.057324175898868734,0.25270134297351876,0.00025270134297351876,0.004855411956314375,0.004602710613340857,0.0024006355999999997
2025-07-30,0.9426758241011313,0.057324175898868734,0.0,0.0,-0.006033352844161906,-0.006033352844161906,-0.0022711577
2025-07-31,0.8320183851339245,0.16798161486607555,0.11065743896720681,0.00011065743896720682,-0.01455241353591871,-0.014663070974885917,-0.01566352445
2025-08-01,0.9426758241011313,0.057324175898868734,0.11065743896720681,0.00011065743896720682,-0.001990922792136269,-0.002101580231103476,-0.0010661413
2025-08-04,0.8807970779778823,0.11920292202211769,0.06187874612324895,6.187874612324895e-05,0.007439328928890773,0.007377450182767524,0.0062527432999999995
2025-08-05,0.8320183851339245,0.16798161486607555,0.04877869284395786,4.8778692843957864e-05,0.0072689729850816225,0.007220194292237665,0.0085352842
2025-08-06,0.3100255188723876,0.6899744811276124,0.5219928662615368,0.0005219928662615369,0.007039753032981293,0.006517760166719756,0.0074664252499999995
2025-08-07,0.23147521650098232,0.7685247834990176,0.07855030237140528,7.855030237140528e-05,0.0005772696632651074,0.0004987193608937021,-0.0007145332
2025-08-08,0.16798161486607552,0.8320183851339245,0.0634936016349068,6.349360163490681e-05,6.27233977543961e-05,-7.702038805107079e-07,-0.0008465173500000001
2025-08-11,0.057324175898868755,0.9426758241011313,0.11065743896720676,0.00011065743896720676,-0.0033956986491190384,-0.0035063560880862453,0.0032679903499999996
2025-08-12,0.16798161486607552,0.8320183851339245,0.11065743896720676,0.00011065743896720676,0.005358254680149542,0.005247597241182336,0.00486824445
2025-08-13,0.11920292202211755,0.8807970779778824,0.04877869284395797,4.877869284395797e-05,-0.002925747152926926,-0.0029745258457708843,0.00439746385
2025-08-14,0.401312339887548,0.598687660112452,0.2821094178654304,0.0002821094178654304,-0.01055885095160961,-0.010840960369475041,-0.0108003213
2025-08-15,0.5986876601124521,0.4013123398875479,0.19737532022490412,0.00019737532022490412,0.013878982258238666,0.013681606938013763,0.0119864415
2025-08-18,0.7685247834990178,0.23147521650098224,0.16983712338656565,0.00016983712338656566,0.011209256009862681,0.011039418886476115,0.00662208615
2025-08-19,0.9426758241011313,0.057324175898868734,0.1741510406021135,0.00017415104060211352,-0.0018731565896032182,-0.002047307630205332,-0.0014428478
2025-08-20,0.9168273035060777,0.08317269649392234,0.025848520595053603,2.5848520595053605e-05,0.01065121952378449,0.010625371003189436,0.009241920450000001
2025-08-21,0.5986876601124521,0.4013123398875479,0.31813964339362555,0.00031813964339362554,2.5534213174592812e-05,-0.00029260543021903274,0.00090549135
2025-08-22,0.16798161486607552,0.8320183851339245,0.43070604524637657,0.00043070604524637657,0.0015208975667416922,0.0010901915214953156,0.00797823625
2025-08-25,0.11920292202211755,0.8807970779778824,0.04877869284395797,4.877869284395797e-05,0.008716577878230372,0.008667799185386413,0.01312533415
2025-08-26,0.039165722796764356,0.9608342772032357,0.08003719922535318,8.003719922535318e-05,-0.0010291482398927165,-0.0011091854391180698,0.00030405855000000003
2025-08-27,0.3100255188723876,0.6899744811276124,0.27085979607562327,0.00027085979607562326,-0.016962072805291696,-0.01723293260136732,-0.01630489205
2025-08-28,0.9820137900379085,0.01798620996209155,0.6719882711655208,0.0006719882711655209,0.02130216588400956,0.02063017761284404,0.0118894513
2025-08-29,0.9820137900379085,0.01798620996209155,0.0,0.0,0.004571553895557112,0.004571553895557112,0.0017831395
2025-09-01,0.9820137900379085,0.01798620996209155,0.0,0.0,0.009206394402910083,0.009206394402910083,0.0035098491
2025-09-02,0.9820137900379085,0.01798620996209155,0.0,0.0,-0.02046650459149529,-0.02046650459149529,-0.00887268585
2025-09-03,0.9608342772032357,0.039165722796764335,0.021179512834672787,2.1179512834672787e-05,-0.013197119142637161,-0.013218298655471833,-0.010909244700000001
2025-09-04,0.973403006423134,0.026596993576865957,0.012568729219898378,1.2568729219898379e-05,-0.024106105986982332,-0.02411867471620223,-0.0125943665
2025-09-05,0.9426758241011313,0.057324175898868734,0.030727182322002777,3.072718232200278e-05,0.030505237263602294,0.03047451008128029,0.0176300937
2025-09-08,0.8807970779778823,0.11920292202211769,0.06187874612324895,6.187874612324895e-05,0.010878107645612286,0.010816228899489036,0.009513714
2025-09-09,0.7685247834990178,0.23147521650098224,0.11227229447886455,0.00011227229447886455,-0.0064225803064285715,-0.0065348526009074365,-0.0033956668
2025-09-10,0.3100255188723876,0.6899744811276124,0.45849926462663015,0.00045849926462663014,-0.003236882720623391,-0.0036953819852500215,-0.0022207172
2025-09-11,0.23147521650098232,0.7685247834990176,0.07855030237140528,7.855030237140528e-05,0.009421367105368214,0.009342816802996808,0.01573622365
2025-09-12,0.11920292202211755,0.8807970779778824,0.11227229447886478,0.00011227229447886478,-0.004311960885965114,-0.004424233180443979,-0.0009276576999999999
2025-09-15,0.401312339887548,0.598687660112452,0.2821094178654304,0.0002821094178654304,-0.0026197427873818225,-0.002901852205247253,-0.0024274289500000002
2025-09-16,0.7685247834990178,0.23147521650098224,0.36721244361146976,0.0003672124436114698,0.0056834846009621584,0.005316272157350688,0.0035599868
2025-09-17,0.9820137900379085,0.01798620996209155,0.2134890065388907,0.0002134890065388907,0.009472054170449502,0.009258565163910612,0.006009797799999999
2025-09-18,0.9608342772032357,0.039165722796764335,0.021179512834672787,2.1179512834672787e-05,-0.008657125231991308,-0.00867830474482598,-0.0130306134
2025-09-19,0.9820137900379085,0.01798620996209155,0.021179512834672787,2.1179512834672787e-05,-0.003880321305774162,-0.003901500818608835,0.0020607628
2025-09-22,0.9168273035060777,0.08317269649392234,0.06518648653183079,6.51864865318308e-05,0.006476691473688343,0.006411504987156512,0.0006481811999999998
2025-09-23,0.6899744811276125,0.3100255188723875,0.22685282237846516,0.00022685282237846517,-0.003099406271439017,-0.0033262590938174822,-0.00123180045
2025-09-24,0.11920292202211755,0.8807970779778824,0.5707715591054949,0.000570771559105495,0.00446962352260673,0.0038988519635012354,0.01114665905
2025-09-25,0.5986876601124521,0.4013123398875479,0.47948473809033454,0.00047948473809033453,-0.0005074814638476294,-0.000986966201937964,-0.0012237295000000002
2025-09-26,0.11920292202211755,0.8807970779778824,0.47948473809033454,0.00047948473809033453,0.00071807637366548,0.00023859163557514543,-0.00550568215
2025-09-29,0.08317269649392238,0.9168273035060777,0.03603022552819517,3.603022552819517e-05,0.004516483448543782,0.004480453223015587,0.009347694799999999
2025-09-30,0.11920292202211755,0.8807970779778824,0.03603022552819517,3.603022552819517e-05,-0.0011387423062696673,-0.0011747725317978624,0.00298891695
2025-10-09,0.401312339887548,0.598687660112452,0.2821094178654304,0.0002821094178654304,0.011920595328161287,0.011638485910295857,0.012992365649999999
2025-10-10,0.401312339887548,0.598687660112452,0.0,0.0,-0.0018454732128262953,-0.0018454732128262953,-0.004831951900000001
2025-10-13,0.08317269649392238,0.9168273035060777,0.3181396433936256,0.0003181396433936256,-0.004322490480157605,-0.004640630123551231,-0.0036884057000000003
2025-10-14,0.23147521650098232,0.7685247834990176,0.14830252000705996,0.00014830252000705996,0.0029034669482373666,0.0027551644282303067,-0.00671812945
2025-10-15,0.026596993576865856,0.9734030064231342,0.20487822292411648,0.00020487822292411648,0.004524564952481332,0.0043196867295572155,0.0090262047
2025-10-16,0.039165722796764356,0.9608342772032357,0.0125687292198985,1.25687292198985e-05,0.0029821067205990028,0.002969537991379104,-0.0025557539500000006
2025-10-17,0.026596993576865856,0.9734030064231342,0.0125687292198985,1.25687292198985e-05,-0.008262816163637401,-0.0082753848928573,-0.01873500445
2025-10-20,0.026596993576865856,0.9734030064231342,0.0,0.0,0.007441680369605561,0.007441680369605561,0.0075362145
2025-10-21,0.026596993576865856,0.9734030064231342,0.0,0.0,0.0008546458837745605,0.0008546458837745605,0.00841774325
2025-10-22,0.026596993576865856,0.9734030064231342,0.0,0.0,0.0007454061649215369,0.0007454061649215369,-0.00348490175
2025-10-23,0.026596993576865856,0.9734030064231342,0.0,0.0,0.007984467185698771,0.007984467185698771,0.0050889368
2025-10-24,0.026596993576865856,0.9734030064231342,0.0,0.0,-0.005867292113614824,-0.005867292113614824,0.0048556719
2025-10-27,0.16798161486607552,0.8320183851339245,0.14138462128920967,0.00014138462128920968,0.00668428982357738,0.0065429052022881705,0.0106614099
2025-10-28,0.11920292202211755,0.8807970779778824,0.04877869284395797,4.877869284395797e-05,-0.0052469517790056505,-0.005295730471849608,-0.005226117
2025-10-29,0.23147521650098232,0.7685247834990176,0.11227229447886478,0.00011227229447886478,0.00469841171442068,0.004586139419941815,0.0097171614
2025-10-30,0.401312339887548,0.598687660112452,0.16983712338656567,0.0001698371233865657,-0.007566656908529686,-0.007736494031916252,-0.00841828895
2025-10-31,0.08317269649392238,0.9168273035060777,0.3181396433936256,0.0003181396433936256,-0.0010855871265473384,-0.001403726769940964,-0.00395967395
2025-11-03,0.039165722796764356,0.9608342772032357,0.044006973697158024,4.400697369715802e-05,0.008680523950773192,0.008636516977076033,0.0046871636
2025-11-04,0.026596993576865856,0.9734030064231342,0.0125687292198985,1.25687292198985e-05,0.003157602432783438,0.0031450337035635392,-0.0065201241
2025-11-05,0.026596993576865856,0.9734030064231342,0.0,0.0,0.004157563760786611,0.004157563760786611,0.0033843836500000004
2025-11-06,0.039165722796764356,0.9608342772032357,0.0125687292198985,1.25687292198985e-05,0.004409204411027522,0.004396635681807624,0.0100156416
2025-11-07,0.039165722796764356,0.9608342772032357,0.0,0.0,0.0010828660853573874,0.0010828660853573874,-0.00059949585
2025-11-10,0.08317269649392238,0.9168273035060777,0.044006973697158024,4.400697369715802e-05,0.006945222169250554,0.006901215195553396,0.0047735485
2025-11-11,0.026596993576865856,0.9734030064231342,0.05657570291705652,5.6575702917056524e-05,-0.0023393892261423526,-0.0023959649290594093,-0.00465811985
2025-11-12,0.039165722796764356,0.9608342772032357,0.0125687292198985,1.25687292198985e-05,0.0003767000998287501,0.00036413137060885156,-0.00298494655
2025-11-13,0.08317269649392238,0.9168273035060777,0.044006973697158024,4.400697369715802e-05,0.0037531668310054013,0.003709159857308243,0.009079476400000001
2025-11-14,0.057324175898868755,0.9426758241011313,0.025848520595053624,2.5848520595053625e-05,-0.00652749748667201,-0.0065533460072670635,-0.01111266705
2025-11-17,0.039165722796764356,0.9608342772032357,0.0181584531021044,1.81584531021044e-05,-0.004704930292108248,-0.004723088745210352,-0.00245568155
2025-11-18,0.039165722796764356,0.9608342772032357,0.0,0.0,-0.013773469079307765,-0.013773469079307765,-0.0127577813
2025-11-19,0.401312339887548,0.598687660112452,0.36214661709078366,0.0003621466170907837,-0.0006466603663762573,-0.001008806983467041,-0.0011917494000000001
2025-11-20,0.08317269649392238,0.9168273035060777,0.3181396433936256,0.0003181396433936256,-0.0027511991459279028,-0.0030693387893215283,-0.00538101775
2025-11-21,0.08317269649392238,0.9168273035060777,0.0,0.0,-0.019336496819794827,-0.019336496819794827,-0.026288525950000002
2025-11-24,0.026596993576865856,0.9734030064231342,0.05657570291705652,5.6575702917056524e-05,-0.0045921006310364635,-0.00464867633395352,0.0013191048999999999
2025-11-25,0.8807970779778823,0.11920292202211769,0.8542000844010165,0.0008542000844010165,0.01156449264601612,0.010710292561615103,0.0086806655
2025-11-26,0.16798161486607552,0.8320183851339245,0.7128154631118068,0.0007128154631118068,-0.0032567470649330567,-0.003969562528044863,-0.00135798535
2025-11-27,0.9426758241011313,0.057324175898868734,0.7746942092350557,0.0007746942092350557,-0.0017670356559291998,-0.0025417298651642557,-0.00015559569999999996
2025-11-28,0.7685247834990178,0.23147521650098224,0.1741510406021135,0.00017415104060211352,0.00911822804080013,0.008944077000198017,0.006300774150000001
2025-12-01,0.5986876601124521,0.4013123398875479,0.16983712338656565,0.00016983712338656566,0.009311282244641778,0.009141445121255212,0.009143096799999998
2025-12-02,0.8807970779778823,0.11920292202211769,0.2821094178654302,0.0002821094178654302,-0.007779731770017781,-0.008061841187883211,-0.00495436105
2025-12-03,0.5986876601124521,0.4013123398875479,0.2821094178654302,0.0002821094178654302,-0.0045247603991956905,-0.00480686981706112,-0.0041024685
2025-12-04,0.057324175898868755,0.9426758241011313,0.5413634842135834,0.0005413634842135834,-0.0034071240556981224,-0.003948487539911706,-0.0007029722499999999
2025-12-05,0.8320183851339245,0.16798161486607555,0.7746942092350557,0.0007746942092350557,0.010240021837990252,0.009465327628755196,0.00651362
2025-12-08,0.9820137900379085,0.01798620996209155,0.149995404903984,0.000149995404903984,0.010212432033029432,0.010062436628125448,0.0025025105500000007
2025-12-09,0.9820137900379085,0.01798620996209155,0.0,0.0,-0.007153009555562224,-0.007153009555562224,-0.008133862549999999
2025-12-10,0.9820137900379085,0.01798620996209155,0.0,0.0,0.004796301572880601,0.004796301572880601,0.00286662005
2025-12-11,0.9820137900379085,0.01798620996209155,0.0,0.0,-0.010182431107305677,-0.010182431107305677,-0.0092994393
2025-12-12,0.9820137900379085,0.01798620996209155,0.0,0.0,0.012018575449674851,0.012018575449674851,0.00531581725
2025-12-15,0.9820137900379085,0.01798620996209155,0.0,0.0,-0.0075461930721783255,-0.0075461930721783255,-0.0011008727499999997
2025-12-16,0.973403006423134,0.026596993576865957,0.008610783614774409,8.610783614774408e-06,-0.015621153766699479,-0.015629764550314253,-0.011830863200000001
2025-12-17,0.9608342772032357,0.039165722796764335,0.012568729219898378,1.2568729219898379e-05,0.01884595047181491,0.018833381742595013,0.0111680727
2025-12-18,0.9820137900379085,0.01798620996209155,0.021179512834672787,2.1179512834672787e-05,-0.004944300443491439,-0.004965479956326112,0.0014624139000000002
2025-12-19,0.9608342772032357,0.039165722796764335,0.021179512834672787,2.1179512834672787e-05,0.009367034113133152,0.00934585460029848,0.00571921205
2025-12-22,0.8320183851339245,0.16798161486607555,0.1288158920693112,0.00012881589206931122,0.009223335039998615,0.009094519147929303,0.0037145391499999996
2025-12-23,0.9426758241011313,0.057324175898868734,0.11065743896720681,0.00011065743896720682,0.00015579231290688376,4.513487393967694e-05,0.00016076945
2025-12-24,0.8320183851339245,0.16798161486607555,0.11065743896720681,0.00011065743896720682,0.01132432139983497,0.011213663960867764,0.007763105050000001
2025-12-25,0.6899744811276125,0.3100255188723875,0.14204390400631195,0.00014204390400631196,0.006311223923569358,0.006169180019563045,0.0052883952000000005
2025-12-26,0.5986876601124521,0.4013123398875479,0.09128682101516039,9.128682101516039e-05,0.005885367459760188,0.005794080638745027,0.0057356462
2025-12-29,0.401312339887548,0.598687660112452,0.19737532022490412,0.00019737532022490412,-0.002822461976415828,-0.003019837296640732,-0.0029809542500000004
2025-12-30,0.973403006423134,0.026596993576865957,0.572090666535586,0.0005720906665355861,0.003697830864540859,0.003125740198005273,0.0016757900000000001
2025-12-31,0.9820137900379085,0.01798620996209155,0.008610783614774409,8.610783614774408e-06,0.0008895568957371524,0.000880946112122378,0.0008785906
2026-01-05,0.9820137900379085,0.01798620996209155,0.0,0.0,0.024485839663125272,0.024485839663125272,0.01435198285
2026-01-06,0.9820137900379085,0.01798620996209155,0.0,0.0,0.02112726301018005,0.02112726301018005,0.01661372555
2026-01-07,0.9608342772032357,0.039165722796764335,0.021179512834672787,2.1179512834672787e-05,0.0075071536028876685,0.007485974090052996,0.00406695305
2026-01-08,0.9820137900379085,0.01798620996209155,0.021179512834672787,2.1179512834672787e-05,0.0023680595952967,0.002346880082462027,-0.0004014427000000001
2026-01-09,0.9820137900379085,0.01798620996209155,0.0,0.0,0.020227297784569904,0.020227297784569904,0.011890783149999999
2026-01-12,0.9820137900379085,0.01798620996209155,0.0,0.0,0.023515804699266677,0.023515804699266677,0.01359590195
2026-01-13,0.9820137900379085,0.01798620996209155,0.0,0.0,-0.012662104519577715,-0.012662104519577715,-0.0081262946
2026-01-14,0.9608342772032357,0.039165722796764335,0.021179512834672787,2.1179512834672787e-05,0.009682673999947594,0.009661494487112923,0.0016370466500000003
2026-01-15,0.9820137900379085,0.01798620996209155,0.021179512834672787,2.1179512834672787e-05,-0.0005629366298101169,-0.0005841161426447897,-0.00122405185
2026-01-16,0.8320183851339245,0.16798161486607555,0.149995404903984,0.000149995404903984,-0.0005128577962648859,-0.0006628532011688699,-0.003787251
2026-01-19,0.9820137900379085,0.01798620996209155,0.149995404903984,0.000149995404903984,0.006742082559629943,0.006592087154725959,0.007498488050000001
2026-01-20,0.8320183851339245,0.16798161486607555,0.149995404903984,0.000149995404903984,-0.0018174516132797725,-0.0019674470181837564,0.0041634459
2026-01-21,0.16798161486607552,0.8320183851339245,0.6640367702678489,0.000664036770267849,-0.0032054489636727623,-0.003869485733940611,0.00253982815
2026-01-22,0.23147521650098232,0.7685247834990176,0.0634936016349068,6.349360163490681e-05,0.006913157852678027,0.0068496642510431196,0.0064868912999999995
2026-01-23,0.08317269649392238,0.9168273035060777,0.14830252000705996,0.00014830252000705996,0.0009200167926707614,0.0007717142726637015,0.01148188825
2026-01-26,0.08317269649392238,0.9168273035060777,0.0,0.0,0.005173780714662734,0.005173780714662734,-0.0015962880000000002
2026-01-27,0.039165722796764356,0.9608342772032357,0.044006973697158024,4.400697369715802e-05,-0.007999350231569042,-0.0080433572052662,-0.0017812242500000004
2026-01-28,0.057324175898868755,0.9426758241011313,0.0181584531021044,1.81584531021044e-05,0.015062073440751106,0.015043914987649001,0.0108581328
2026-01-29,0.026596993576865856,0.9734030064231342,0.0307271823220029,3.07271823220029e-05,0.011777723630762791,0.011746996448440789,0.0013384956499999994
2026-01-30,0.026596993576865856,0.9734030064231342,0.0,0.0,-0.010203312766249582,-0.010203312766249582,-0.01365264225
2026-02-02,0.039165722796764356,0.9608342772032357,0.0125687292198985,1.25687292198985e-05,-0.03158813360729564,-0.03160070233651554,-0.0355454934
2026-02-03,0.16798161486607552,0.8320183851339245,0.12881589206931116,0.00012881589206931117,0.011536229090367894,0.011407413198298582,0.0193284286
2026-02-04,0.11920292202211755,0.8807970779778824,0.04877869284395797,4.877869284395797e-05,0.023642402248013335,0.023593623555169377,0.01406570885
2026-02-05,0.026596993576865856,0.9734030064231342,0.09260592844525169,9.26059284452517e-05,-0.004837701657046358,-0.00493030758549161,-0.0114480652
2026-02-06,0.026596993576865856,0.9734030064231342,0.0,0.0,-0.0026344509819351547,-0.0026344509819351547,-0.00133497805
2026-02-09,0.039165722796764356,0.9608342772032357,0.0125687292198985,1.25687292198985e-05,0.007221737161355902,0.007209168432136004,0.0134647593
2026-02-10,0.026596993576865856,0.9734030064231342,0.0125687292198985,1.25687292198985e-05,0.003555071439780778,0.0035425027105608796,0.0015430011999999999
2026-02-11,0.026596993576865856,0.9734030064231342,0.0,0.0,0.006878830899102948,0.006878830899102948,0.00466725675
2026-02-12,0.039165722796764356,0.9608342772032357,0.0125687292198985,1.25687292198985e-05,-0.002619274448208324,-0.0026318431774282228,0.0042684989
2026-02-13,0.057324175898868755,0.9426758241011313,0.0181584531021044,1.81584531021044e-05,-0.014515916258845742,-0.014534074711947847,-0.0146111708
2026-02-24,0.11920292202211755,0.8807970779778824,0.06187874612324879,6.187874612324879e-05,0.014733579616552712,0.014671700870429462,0.01322514365
2026-02-25,0.11920292202211755,0.8807970779778824,0.0,0.0,0.0066814677415368996,0.0066814677415368996,0.01072886655
2026-02-26,0.08317269649392238,0.9168273035060777,0.03603022552819517,3.603022552819517e-05,-0.0023494121820135556,-0.002385442407541751,0.0002998537500000001
2026-02-27,0.08317269649392238,0.9168273035060777,0.0,0.0,0.010168427560235265,0.010168427560235265,0.0109239759
2026-03-02,0.026596993576865856,0.9734030064231342,0.05657570291705652,5.6575702917056524e-05,0.013121024299227829,0.013064448596310773,0.006733214799999999
2026-03-03,0.026596993576865856,0.9734030064231342,0.0,0.0,0.006563998434471844,0.006563998434471844,-0.017788649900000002
